"Aeg";"Mis koolis käid?";"Mis on sinu sugu? ";"Mitmendas klassis õpid?";"Kui pikk on sinu koolitee?";"Kui tihti sõidad autoga kooli?";"Kui tihti sõidad ühistranspordiga kooli?";"Kui tihti lähed jalgsi kooli?";"Kui tihti sõidad jalgrattaga kooli?";"Kui tihti lähed motoriseeritud kaherattalisega kooli?";"Kui tihti sõidad ise kooli?";"Miks just see vahend kooli minekuks?";"Kui tihti tuled autoga koolist?";"Kui tihti viiakse autoga kuni ühistranspordi peatuseni?";"Kui tihti tuled ühistranspordiga koolist?";"Kui tihti jalgsi koolist?";"Kui tihti tuled jalgrattaga koolist?";"Kui tihti tuled motoriseeritud kaherattalisega koolist?";"Kui tihti sõidad ise koolist?";"Miks just see vahend koolist tulemiseks?";"Kui turvaliseks pead kooliteed kui sind viiakse autoga?";"Milliseid ohte oskad välja tuua?";"Kui palju aega kulub sul tavaliselt autoga kooli / koolist koju minemiseks?";"Mis põhjustel sind autoga kooli viiakse?";"Kui oluliseks pead koolitee valikul mõju oma tervisele?";"Kui oluliseks pead koolitee valikul mõju keskkonnale?";"Mis see sinu jaoks muudaks kui hakkaksid rohkem iseseisvalt koolis käima?";"Kui palju aega kulub sul tavaliselt iseseisvalt kooli minemiseks / koolist koju tulemiseks?";"Kas ja mis tingimustel sa oleks valmis/nõus rohkem iseseisvalt koolis käima?";"Kui heaks hindad oma liikluskäitumist?";"Kui palju keskmiselt liigud (õues / trennid jms) igapäevaselt?";"Kui turvaliseks hindad oma kooliteed kui lähed kooli iseseisvalt (jalgsi jalgrattaga ühistranspordiga vms)?";"Kas kooliteel esineb järgnevaid ohte? Märgi kõik ohud";"Milliseid sinu hinnangul ohtlikke liiklussituatsioone oled kooli ümbruses liigeldes tähele pannud?";"Kirjelda lastevanemate liikluskäitumist kooli ümbruses?";"Milline on sinu enda liikluskäitumine kooli ümbruses?";"Kas sinu hinnangul saaks kool midagi kooli ümbruse ohutumaks muutmiseks teha?";"Milliseid muid lahendusi pakud välja selleks et kooli ümbrust ohutumaks muuta?"
"14/11/2019 13:46:40";"Tallinna Järveotsa Gümnaasium";"Mees";"10.-12.";"1-5 km";"1";"1";"4";"2";"1";"1";"Kool asub lähedal ja mulle meeldib kõndida jala või liikuda jalgrattaga";"1";"1";"1";"4";"2";"1";"1";"";"5";"";"alla 5 minuti";"Siis kui ise palun, et mind viidaks autoga";"4";"5";"Käin iseseisvalt. Väga harva, kui viiakse autoga. ";"alla 5 minuti";"Käin iseseisvalt";"5";"31-45 minutit";"5";"Minu arvates ei kooliteel mingeid ohte";"";"";"";"";""
"14/11/2019 14:00:04";"Tallinna Järveotsa Gümnaasium";"Naine";"7.-9.";"5-10 km";"2";"4";"1";"1";"1";"1";"Mulle meeldib ise minna";"1";"1";"5";"1";"1";"1";"1";"";"4";"avarii või juhtuda";"5-10 minutit";"Sest kool jääb ema / isa töökoha tee peale (või enamvähem), Sest nii on ohutum";"5";"4";"Olen hommikul värskem ja keskendun tunnis paremini";"21-30 minutit";"käin niigi";"4";"rohkem kui 60 minutit";"2";"Reguleerimata ülekäigurajad, Halvasti valgustatud tänavad, Pööret lõpetavad juhid ei anna lastele teed, Sõidukijuhid sõidavad tihti punase fooritulega ristmikule, mida lapsed peavad ületama, Ülekäigurajal on parkivate sõidukite tõttu nähtavus piiratud, Lubatud sõidukiirust ületavad juhid";"autod ei pane lapsi tähele";"kihutavad palju";"arvan, et hea";"keelata autode juurdepääsu kooli juurde";""
"20/11/2019 22:21:14";"Tallinna Järveotsa Gümnaasium";"Naine";"4.-6.";"Kuni 1 km";"1";"1";"5";"2";"1";"1";"Elan koolile väga lähedal ,seega on kergem tulla jalgsi.";"1";"1";"1";"5";"2";"1";"1";"";"5";"Homikuti on liiklus tihe ja on võimalik auto õnnetusse sattuda.";"alla 5 minuti";"Mind ei viida autoga kooli.";"3";"4";"Ma käin iseseisvalt koolis.";"alla 5 minuti";"Ma käin iseseisvalt koolis.";"5";"46-60 minutit";"5";"Lubatud sõidukiirust ületavad juhid";"Kiiruspiirangu ületamine.";"Lapsevanemad on ettevaatlikud.";"Olen hoolas ja jälgin ümbrust.";"";""
"22/11/2019 10:56:54";"Tallinna Järveotsa Gümnaasium";"Mees";"10.-12.";"5-10 km";"5";"2";"1";"1";"1";"1";"Mugav";"1";"1";"5";"2";"1";"1";"1";"";"5";"Auto avarii";"5-10 minutit";"Sest kool jääb ema / isa töökoha tee peale (või enamvähem)";"1";"3";"Peaks varem ärkama";"21-30 minutit";"Ei ole";"5";"46-60 minutit";"5";"Reguleerimata ülekäigurajad, Suurem oht langeda kuriteo ohvriks";"";"";"";"";""
"22/11/2019 10:58:04";"Tallinna Järveotsa Gümnaasium";"Mees";"10.-12.";"1-5 km";"1";"5";"1";"1";"1";"1";"Kuna mul pole teist valikut";"1";"1";"5";"1";"1";"1";"1";"";"5";"";"alla 5 minuti";"Sest nii on ohutum";"3";"3";"Ma käin iseseisvalt koolis juba";"5-10 minutit";"Käin juba iseseisvalt";"5";"31-45 minutit";"5";"";"Ei ole panud midagi tähele";"Väga hea";"Hea";"Ei saaks";"Ei tea"
"22/11/2019 10:59:57";"Tallinna Järveotsa Gümnaasium";"Mees";"10.-12.";"ei oska vastata";"1";"5";"3";"2";"1";"1";"Parim viis";"1";"1";"5";"1";"1";"1";"1";"";"4";"Avarii";"11-20 minutit";"Ei käi autoga";"2";"3";"Ei muudaks väga midagi";"31-45 minutit";"Käin juba";"3";"11-20 minutit";"4";"Ülekäigurajal on parkivate sõidukite tõttu nähtavus piiratud";"";"";"";"";""
"22/11/2019 11:00:47";"Tallinna Järveotsa Gümnaasium";"Mees";"10.-12.";"Kuni 1 km";"1";"4";"3";"1";"1";"1";"Et jõuaks";"1";"1";"4";"3";"1";"1";"1";"Et saaks kiiremini";"5";"Lihtsalt lendavad kooli väravatest sisse mõned autod";"5-10 minutit";"Halva ilma korral, ei viidagi";"1";"1";"käingi";"11-20 minutit";"käin juba";"5";"11-20 minutit";"1";"Reguleerimata ülekäigurajad, Halvasti valgustatud tänavad, Pööret lõpetavad juhid ei anna lastele teed, Väikesed ohutussaared suure liiklusega teel, Suurem oht langeda kuriteo ohvriks, Sõidukijuhid sõidavad tihti punase fooritulega ristmikule, mida lapsed peavad ületama, Ülekäigurajal on parkivate sõidukite tõttu nähtavus piiratud, Paljud täiskasvanud näitavad oma liikluskäitumisega lastele halba eeskuju, Lubatud sõidukiirust ületavad juhid, Minu arvates ei kooliteel mingeid ohte";"";"";"";"";""
"22/11/2019 11:55:09";"Tallinna Järveotsa Gümnaasium";"Naine";"7.-9.";"Kuni 1 km";"3";"3";"3";"1";"1";"1";"muid pole";"3";"1";"3";"3";"1";"1";"1";"c";"5";"ei ole";"5-10 minutit";"Halva ilma korral, Kui olen hiljaks jäämas";"1";"1";"midagi";"11-20 minutit";"ei ole tingimusi";"5";"21-30 minutit";"5";"Minu arvates ei kooliteel mingeid ohte";"ei ole";"normaalne";"hea";"ei tea";"ei tea"
"22/11/2019 11:55:13";"Tallinna Järveotsa Gümnaasium";"Naine";"10.-12.";"Kuni 1 km";"1";"1";"5";"3";"1";"1";"Elan väga lähedal koolile";"1";"1";"1";"1";"3";"1";"1";"";"3";"Hommikuti liigub päris palju autosid  ning isegi jalgsi on ohtlik";"alla 5 minuti";"Ainult siis, kui koolis on mingi üritus ja vanematele jääb see tee vahele";"4";"5";"Õhkan värket õhku ja toetan tervist ja füüsilist aktiivsust";"5-10 minutit";"Kui oleks vähem õpikuid";"4";"21-30 minutit";"1";"Reguleerimata ülekäigurajad, Suurem oht langeda kuriteo ohvriks";"Hommikuti parkib kooli ees aiast väljas palju vanemate outosid, seal on väike ristmik, ühed sõidavad ette mõned teisele poole, pole aru saada kuhu minna ja kuidas auto alla mitte jääda.";"Autodege seotud, nad võiksid lepsed kaugemal maha jätta või kiiremini tegema.";"Kodust kooli ja koolist koju";"Kooli taga see ristmik on ohtlik paljudele. Ainus tee kus saaks ennast ohust kaugemal hoida on üks kitsas porine ja libe rada kus ei taha paljud kõndida ning peavad kõndima auto teel. Selle porise raja asemel võiks teha normaalse kõnnitee.";"See on kõik"
"22/11/2019 12:57:10";"Tallinna Järveotsa Gümnaasium";"Naine";"10.-12.";"ei oska vastata";"1";"4";"1";"1";"4";"1";"Muud mood ei saa";"1";"1";"4";"1";"1";"4";"1";"";"5";"";"rohkem kui 60 minutit";"ei viida autoga kooli";"3";"4";"ei muudaks palju";"rohkem kui 60 minutit";"kui rohkem aega on";"5";"rohkem kui 60 minutit";"5";"Reguleerimata ülekäigurajad, Sõidukijuhid sõidavad tihti punase fooritulega ristmikule, mida lapsed peavad ületama, Paljud täiskasvanud näitavad oma liikluskäitumisega lastele halba eeskuju, Lubatud sõidukiirust ületavad juhid";"";"";"";"";""
"22/11/2019 13:01:33";"Tallinna Järveotsa Gümnaasium";"Naine";"10.-12.";"ei oska vastata";"1";"4";"1";"1";"4";"1";"Muud mood ei saa";"1";"1";"4";"1";"1";"4";"1";"";"5";"";"rohkem kui 60 minutit";"ei viida autoga kooli";"3";"4";"ei muudaks palju";"rohkem kui 60 minutit";"kui rohkem aega on";"5";"rohkem kui 60 minutit";"5";"Reguleerimata ülekäigurajad, Sõidukijuhid sõidavad tihti punase fooritulega ristmikule, mida lapsed peavad ületama, Paljud täiskasvanud näitavad oma liikluskäitumisega lastele halba eeskuju, Lubatud sõidukiirust ületavad juhid";"";"";"";"";""
"22/11/2019 13:25:54";"Tallinna Järveotsa Gümnaasium";"Naine";"7.-9.";"5-10 km";"2";"4";"1";"1";"1";"1";"Need on kiired";"2";"1";"5";"1";"1";"1";"1";"";"4";"Liiklus avarii ";"11-20 minutit";"Halva ilma korral, Kui olen hiljaks jäämas";"3";"2";"Juba käin. ";"21-30 minutit";"Ma juba käin. ";"4";"46-60 minutit";"3";"Reguleerimata ülekäigurajad, Halvasti valgustatud tänavad, Pööret lõpetavad juhid ei anna lastele teed, Lubatud sõidukiirust ületavad juhid";"Purjus autojuht sõitis inimesi täis olevasse bussi peatusesse. ";"Ohutu. ";"Ei oska vastata. ";"Ei. ";""
"22/11/2019 13:38:44";"Tallinna Järveotsa Gümnaasium";"Naine";"7.-9.";"Kuni 1 km";"1";"1";"5";"1";"1";"1";"Ma elan väga lähedal koolile";"1";"1";"1";"5";"1";"1";"1";"";"5";"";"alla 5 minuti";"Ma kõnnin";"5";"5";"Ma juba käin";"alla 5 minuti";"Kui kool hakkaks hiljem";"5";"rohkem kui 60 minutit";"5";"Minu arvates ei kooliteel mingeid ohte";"Kooli sissepäesu ees sõidavad autod";"";"";"Võõrad kooli ette ei sõidaks";""
"22/11/2019 13:41:37";"Tallinna Järveotsa Gümnaasium";"Naine";"7.-9.";"5-10 km";"2";"5";"1";"1";"1";"1";"Ühistransport on kõige mugavam ja säästlikuim viis";"1";"1";"5";"1";"1";"1";"1";"";"4";"Liiklus õnnetused, talvel libe tee";"21-30 minutit";"Kui lähen kooli isa juurest, kes elab Tallinnast väljas";"4";"3";"Mitte midagi";"31-45 minutit";"Kui kodu on ligemal koolile";"5";"rohkem kui 60 minutit";"4";"Pean ületama pikka ülekäigurada ning vahel auto juhid ei anna teed";"";"";"";"";""
"22/11/2019 13:41:54";"Tallinna Järveotsa Gümnaasium";"Mees";"1.-3.";"Kuni 1 km";"2";"1";"5";"2";"1";"1";"Saan ise minna ";"2";"1";"1";"5";"2";"1";"1";"Saab jalutada ";"5";"";"11-20 minutit";"Halva ilma korral";"5";"1";"Käin iseseisvalt ";"11-20 minutit";"Käin jala koguaeg ";"5";"rohkem kui 60 minutit";"4";"Reguleerimata ülekäigurajad, Ülekäigurajal on parkivate sõidukite tõttu nähtavus piiratud, Paljud täiskasvanud näitavad oma liikluskäitumisega lastele halba eeskuju, Lubatud sõidukiirust ületavad juhid";"";"";"";"";""
"22/11/2019 13:42:01";"Tallinna Järveotsa Gümnaasium";"Naine";"7.-9.";"Üle 10 km";"5";"2";"1";"2";"1";"1";"Kuna see on kõige mugavam";"4";"1";"5";"1";"2";"1";"1";"";"5";"";"11-20 minutit";"Halva ilma korral, Sest kool jääb ema / isa töökoha tee peale (või enamvähem)";"2";"2";"Peaks varem kodust minema minema";"31-45 minutit";"Kui kooli hakkaks hiljem, ei peaks nii palju käima, oleks hea ilm, kui koolikott oleks kergem";"5";"rohkem kui 60 minutit";"3";"Reguleerimata ülekäigurajad, Halvasti valgustatud tänavad, Paljud täiskasvanud näitavad oma liikluskäitumisega lastele halba eeskuju, Lubatud sõidukiirust ületavad juhid";"Pargitakse valgetes kohtades, ei lasta lapsi üle ülekäiguraja, purjus autojuht sõitis vastu bussipeatust. ";"Nad peavad oma lapsed tooma täiesti kooli ette kuha ei tohi ültse minna. ";"Ma olen kindel ";"Jah";"Mitte lasta lapsevanematel oma lapsi kooli ette viia"
"22/11/2019 13:47:14";"Tallinna Järveotsa Gümnaasium";"Naine";"7.-9.";"1-5 km";"3";"4";"5";"1";"1";"1";"Mul pole valikut";"2";"1";"4";"4";"1";"1";"1";"mdea";"5";"südamerabandus";"5-10 minutit";"Siis kui ise palun, et mind viidaks autoga";"1";"1";"ei tea";"5-10 minutit";"ma käin juba";"5";"rohkem kui 60 minutit";"3";"Ülekäigurajal on parkivate sõidukite tõttu nähtavus piiratud";"ma ei pane tähele";"normaalne";"hea";"ei";"laske maximas käija "
"22/11/2019 13:49:43";"Tallinna Järveotsa Gümnaasium";"Mees";"7.-9.";"Kuni 1 km";"1";"1";"5";"1";"1";"1";"Sest ma elen siin lähedal";"1";"1";"1";"5";"1";"1";"1";"";"5";"Autod";"alla 5 minuti";"Mind ei viida";"1";"3";"Mitte midagi";"alla 5 minuti";"K";"5";"rohkem kui 60 minutit";"5";"";"Autosid";"";"Hea";"Ei";"Ei"
"22/11/2019 13:51:10";"Tallinna Järveotsa Gümnaasium";"Naine";"1.-3.";"Üle 10 km";"1";"5";"5";"1";"1";"1";"Tahan ise liikuda, lihtsam";"1";"1";"5";"5";"1";"1";"1";"Lihtsam";"5";"Ei olegi";"11-20 minutit";"Halva ilma korral, Kui olen hiljaks jäämas";"5";"5";"Ei muuda midagi, käin ise";"46-60 minutit";"Käin ise";"5";"rohkem kui 60 minutit";"5";"Halvasti valgustatud tänavad";"Bussi tagant jooksmine, telefonis olemine, üle tee jooksmine";"Hea";"Hea";"Ei tea";"Ei tea"
"22/11/2019 14:53:04";"Tallinna Järveotsa Gümnaasium";"Mees";"7.-9.";"Kuni 1 km";"1";"1";"5";"1";"1";"1";"See võtab kõige vähem aega";"5";"1";"1";"5";"1";"1";"1";"Kõige kiirem viis";"5";"";"alla 5 minuti";"Mind ei viida autoga";"1";"1";"Ei midagi juba käin iseseisvalt";"5-10 minutit";"Juba käin iseseisvalt";"5";"31-45 minutit";"5";"";"Autod võivad kooli ukse ja värava sissepääsu vahele tulla ";"Hästi ";"Väga hea";"Teha mingi jalakäijate tee kooli väravast sissepääsu juurde";"Rohkem pole midagi "
"22/11/2019 14:58:58";"Tallinna Järveotsa Gümnaasium";"Naine";"10.-12.";"Üle 10 km";"5";"2";"1";"1";"1";"1";"Elan nii kaugel et ei võimalda minna muuga kui autoga";"2";"1";"5";"1";"1";"1";"1";"Vanemad lõpetavad erineval ajal ja on kiirem minna ühistranspordiga";"3";"Harku ristmikul võiks olla üks lisarada ja kiirendusrada Õismäe poole et teele sõit oleks kiirem ja ohutum";"31-45 minutit";"Halva ilma korral, Kui olen hiljaks jäämas, Kui olen on hommikul väga väsinud, Sest nii on ohutum, Nii on kiirem";"2";"2";"Varem ärkamine ja liiklusega arvestamine";"rohkem kui 60 minutit";"Kui kool oleks lähemal";"5";"rohkem kui 60 minutit";"4";"Reguleerimata ülekäigurajad, Halvasti valgustatud tänavad, Ülekäigurajal on parkivate sõidukite tõttu nähtavus piiratud, Paljud täiskasvanud näitavad oma liikluskäitumisega lastele halba eeskuju, Lubatud sõidukiirust ületavad juhid";"Koolihoovi sissesõit. Väike-õismäe poe parkla";"Isekas. Koolihoovi sissesõidu ümbrus on tihti ummikus kuna maja elanikud tagurdavad välj ja paljud vanemad ei tea liiklusreegleid sellistes olukordades";"Tähelepanelik ";"Jah, parem ligipääsetavus koolihoovi ja selle ümbruses";""
"22/11/2019 16:20:41";"Tallinna Järveotsa Gümnaasium";"Mees";"7.-9.";"Üle 10 km";"5";"1";"1";"1";"1";"1";"Kuna tee koolini on liiga pikk ja ühistranspordi valikuid on vähe.";"4";"1";"3";"1";"1";"1";"1";"Mõni kord saan koju minna koos vennaga autoga, mõni kord pean väheste bussidega, mis viivad mind koju. Ma elan liiga kaugel linnast.";"5";"";"21-30 minutit";"Kuna tee kooli on liiga pikk ja bussid ei käi hommikul minu kodu kohas.";"5";"5";"Ma peaksin varem hommikul ärkama, et saada kõige varemate busside peale.";"21-30 minutit";"Kui rohkem busse sõidaks minu kodu juurest läbi.";"5";"5-10 minutit";"5";"Suurem oht langeda kuriteo ohvriks, Paljud täiskasvanud näitavad oma liikluskäitumisega lastele halba eeskuju, Lubatud sõidukiirust ületavad juhid";"";"Hea.";"Päris hea liikluskäitumine.";"";""
"22/11/2019 16:49:01";"Tallinna Järveotsa Gümnaasium";"Naine";"1.-3.";"5-10 km";"4";"2";"1";"1";"1";"1";"isa töötab kooli lähedal";"1";"1";"5";"1";"1";"1";"1";"";"4";"võib juhtuda avarii";"5-10 minutit";"Sest kool jääb ema / isa töökoha tee peale (või enamvähem)";"4";"5";"mul läheb kauem aega";"31-45 minutit";"kui me elaksime koolile lähemal";"4";"21-30 minutit";"4";"Reguleerimata ülekäigurajad, Halvasti valgustatud tänavad, Paljud täiskasvanud näitavad oma liikluskäitumisega lastele halba eeskuju, Lubatud sõidukiirust ületavad juhid";"";"";"";"";""
"22/11/2019 18:15:33";"Tallinna Järveotsa Gümnaasium";"Naine";"1.-3.";"1-5 km";"2";"5";"1";"1";"1";"1";"Mugav";"2";"1";"5";"1";"1";"1";"1";"Mugav";"5";"Teine auto sõidab sisse";"5-10 minutit";"Halva ilma korral, Siis kui ise palun, et mind viidaks autoga, Kui olen hiljaks jäämas, Kui olen on hommikul väga väsinud, Sest nii on ohutum";"4";"3";"Põmevam";"21-30 minutit";"Kõik on olemas";"3";"21-30 minutit";"5";"Reguleerimata ülekäigurajad, Pööret lõpetavad juhid ei anna lastele teed, Suurem oht langeda kuriteo ohvriks";"Surnud lind tänaval";"Normaalne";"Ilusti, ei jookse";"Rohkem valgust";"Lastele eraldi tee"
"22/11/2019 19:16:11";"Tallinna Järveotsa Gümnaasium";"Mees";"7.-9.";"5-10 km";"5";"2";"1";"1";"1";"1";"Mugavam ja kiireim";"1";"1";"5";"1";"1";"1";"1";"Muid viise pole";"5";"";"21-30 minutit";"Sest kool jääb ema / isa töökoha tee peale (või enamvähem)";"2";"4";"Mitte midagi";"21-30 minutit";"Kui vanematel ei ole aega";"5";"rohkem kui 60 minutit";"5";"Reguleerimata ülekäigurajad, Väikesed ohutussaared suure liiklusega teel";"";"";"";"";""
"22/11/2019 20:34:38";"Tallinna Järveotsa Gümnaasium";"Mees";"10.-12.";"5-10 km";"2";"2";"2";"3";"3";"1";"Minule sobivad";"2";"1";"2";"2";"3";"4";"1";"";"4";"Märjad teed ja kooli territooriumile sisenemine.";"5-10 minutit";"Halva ilma korral, Siis kui ise palun, et mind viidaks autoga";"5";"3";"Juba käin iseseisvalt koolis";"5-10 minutit";"Juba käin";"5";"rohkem kui 60 minutit";"4";"Kooliterritooriumisse sisenemisel, värava koht";"Kooli väraval mootorrattaga sisenemisel.";"Keelumärgi juures kujunevad tihti ummikud.";"Väga hea";"Värava sissepääsu nurga avamine või paremini nähtavaks teha.";""
"22/11/2019 22:29:01";"Tallinna Järveotsa Gümnaasium";"Mees";"7.-9.";"1-5 km";"2";"5";"1";"1";"1";"1";"Sest vanemad töötavad ning nad ei saa meid viia";"2";"1";"1";"5";"1";"1";"1";"Tagasi minnes ma lähen vanaemale külla. Tema kodu asub kooli läheduses umbes 300-400m";"5";"Avarii";"5-10 minutit";"Mind viiakse autoga siis kui on mingi üritus mille tõttu on lihtsam kõike teha";"2";"1";"Ma käin iseseisvalt ja ei tea mida vastata, sest see on igapäevane elu";"11-20 minutit";"Küsimisele ""kas"" ma vastan ""jah""";"5";"11-20 minutit";"5";"Reguleerimata ülekäigurajad, Minu arvates ei kooliteel mingeid ohte";"Hommikuti kui õpetajad ja lastevanemad sõidavad kooli siis on tee kinni auto juhtidele";"Paljud lastevanemad sõidavad kooli teritooriumile, mis pole lubatud hommikuti";"Ma vaatan ja kuulan kust tulevad autod ";"Pole vastust";"Pole vastust"
"22/11/2019 23:15:21";"Tallinna Järveotsa Gümnaasium";"Naine";"7.-9.";"1-5 km";"4";"2";"1";"1";"1";"1";"Nii on lihtsam";"2";"1";"4";"1";"1";"1";"1";"Sest mulle ei tulda autoga järgi alati ja on ka mõnus bussipeatusest koju jalutada";"5";"";"5-10 minutit";"Sest kool jääb ema / isa töökoha tee peale (või enamvähem), Kui olen hiljaks jäämas";"1";"1";"Ma poleks koolis nii väsinud kuna jalutasin rohkem õues enne tunde";"11-20 minutit";"Jah, kui mu sõbrad elaksid lähedamal ja saaksin koos nendega kooli minna";"4";"46-60 minutit";"4";"Reguleerimata ülekäigurajad, Pööret lõpetavad juhid ei anna lastele teed, Ülekäigurajal on parkivate sõidukite tõttu nähtavus piiratud, Lubatud sõidukiirust ületavad juhid";"Ületee jooksmine punase tulega";"Hea, jälgitajse liiklusreegleid";"Hea";"Pole kindel";"Pole kindel "
"22/11/2019 23:35:56";"Tallinna Järveotsa Gümnaasium";"Mees";"7.-9.";"Kuni 1 km";"1";"4";"2";"1";"1";"1";"ma olen paks";"1";"1";"4";"2";"1";"1";"1";"ma olen paks";"4";"surm ";"alla 5 minuti";"kui ma teiseks tunniks lähen ";"1";"1";"ma lähengi";"alla 5 minuti";"käingi";"5";"rohkem kui 60 minutit";"1";"Reguleerimata ülekäigurajad, Halvasti valgustatud tänavad, Väikesed ohutussaared suure liiklusega teel, Suurem oht langeda kuriteo ohvriks, Lubatud sõidukiirust ületavad juhid";"ma ei julge öelda";"ma ei ole pervert ";"õudne";"FBI";"FBI"
"22/11/2019 23:39:58";"Tallinna Järveotsa Gümnaasium";"Naine";"1.-3.";"1-5 km";"4";"2";"1";"1";"1";"1";"Eelistan turvalist kooliteed/koduteed";"4";"1";"2";"1";"1";"1";"1";"See on turvalisem";"5";"Mitte ühtegi";"11-20 minutit";"Halva ilma korral, Siis kui ise palun, et mind viidaks autoga, Kui olen hiljaks jäämas, Kui olen on hommikul väga väsinud, Sest nii on ohutum";"4";"4";"Peaksin varem üles tõusma";"11-20 minutit";"Kui minu autotee oleks fooristatud";"5";"rohkem kui 60 minutit";"2";"Reguleerimata ülekäigurajad, Pööret lõpetavad juhid ei anna lastele teed, Väikesed ohutussaared suure liiklusega teel, Suurem oht langeda kuriteo ohvriks, Ülekäigurajal on parkivate sõidukite tõttu nähtavus piiratud, Paljud täiskasvanud näitavad oma liikluskäitumisega lastele halba eeskuju, Lubatud sõidukiirust ületavad juhid";"Teed ei ole valgustatud ja valgusfoore ei ole";"Rikuvad reegleid";"Kui autoga tulen palun oma vanemal värava juures peatuda ja ise edasi kõndida";"Politsei auto poolse aia taha kutsuda";"Lapsed võiksid rohkem jalgsi käia ja bussiga sõita "
"23/11/2019 10:12:47";"Tallinna Järveotsa Gümnaasium";"Naine";"7.-9.";"ei oska vastata";"1";"1";"5";"1";"1";"1";"Sest see on minu jaoks kõige sobivam";"1";"1";"4";"3";"1";"1";"1";"Kuna peale kooli olen liiga väsinud ning lähen transpordiga";"3";"Auto avarii ";"alla 5 minuti";"Mind ei viida autoga kooli ";"3";"4";"Käingi iseseisvalt";"5-10 minutit";"Tingimustel et auto eristsb loodusele kahjulikke gaase";"4";"rohkem kui 60 minutit";"4";"Halvasti valgustatud tänavad, Suurem oht langeda kuriteo ohvriks, Ülekäigurajal on parkivate sõidukite tõttu nähtavus piiratud";"";"";"";"";""
"23/11/2019 13:53:43";"Tallinna Järveotsa Gümnaasium";"Mees";"7.-9.";"Üle 10 km";"5";"1";"1";"1";"1";"1";"Sest mul vanematele jääb mu kool tee peale, kui nad hommikul kooli lähevad.";"3";"1";"3";"1";"1";"1";"1";"Muid võimalusi pole.";"5";"";"11-20 minutit";"Sest kool jääb ema / isa töökoha tee peale (või enamvähem)";"1";"3";"Ma peaksin varem ärkama ja see oleks tülikas ning mõtetu";"31-45 minutit";"Kui bussipeatuseni oleks lügem maa (kodust)";"5";"rohkem kui 60 minutit";"5";"";"";"";"";"";""
"23/11/2019 14:57:49";"Tallinna Järveotsa Gümnaasium";"Naine";"4.-6.";"5-10 km";"1";"5";"1";"2";"1";"1";"Sest meil ei ole autot. ";"1";"1";"5";"2";"2";"1";"1";"";"3";"";"11-20 minutit";"Mind ei viiakse autoga kooli, sest meil pole autot. ";"2";"4";"Ma käingi ise koolis";"11-20 minutit";"Ma käingi ise koolis. ";"5";"rohkem kui 60 minutit";"4";"Minu arvates ei kooliteel mingeid ohte";"Pole midagi märganud. ";"Ma ei tavaliselt ei pane tähele. ";"Ma arvan, et käitun hästi. ";"Ma arvan, et võiks panna mõned märgid selleks, et mõned vanemad ei sõidaks kooli ette. ";"Rohkem ma ei tea. "
"23/11/2019 20:45:57";"Tallinna Järveotsa Gümnaasium";"Naine";"1.-3.";"Kuni 1 km";"2";"5";"2";"2";"1";"1";"Bussiga on tore minna.";"2";"1";"5";"2";"2";"1";"1";"";"4";"";"alla 5 minuti";"Halva ilma korral, Siis kui ise palun, et mind viidaks autoga, Kui olen hiljaks jäämas";"5";"5";"Liigun rohkem.";"5-10 minutit";"Hea ilma korral.";"4";"46-60 minutit";"3";"Reguleerimata ülekäigurajad, Pööret lõpetavad juhid ei anna lastele teed, Ülekäigurajal on parkivate sõidukite tõttu nähtavus piiratud, Paljud täiskasvanud näitavad oma liikluskäitumisega lastele halba eeskuju, Lubatud sõidukiirust ületavad juhid";"Palju autosid.";"Hommikul kõik kiirustavad.";"";"Vähem autosid kooli juures.";""
"23/11/2019 21:24:58";"Tallinna Järveotsa Gümnaasium";"Naine";"7.-9.";"5-10 km";"4";"2";"1";"1";"1";"1";"Sest bussi ei lähe sobival ajal.";"2";"1";"4";"1";"1";"1";"1";"";"5";"";"11-20 minutit";"Sest kool jääb ema / isa töökoha tee peale (või enamvähem), Kui olen hiljaks jäämas";"3";"3";"Midagi ei muudaks";"11-20 minutit";"Kui ilm on parem.";"4";"46-60 minutit";"4";"Reguleerimata ülekäigurajad, Lubatud sõidukiirust ületavad juhid";"";"";"";"";""
"24/11/2019 02:26:29";"Tallinna Järveotsa Gümnaasium";"Mees";"10.-12.";"Kuni 1 km";"1";"1";"5";"1";"1";"1";"Nii on lihtsaim ja mugavaim minu jaoks";"1";"1";"1";"5";"1";"1";"1";"";"5";"";"alla 5 minuti";"Siis kui ise palun, et mind viidaks autoga";"3";"2";"Saaksin rohkem iseseisvaks";"5-10 minutit";"Siis, kui saan";"4";"rohkem kui 60 minutit";"5";"";"Bussi peatuse juures on ebaadekvaatseid autojuhte";"Korralik";"Nagu ikka, enda arust korralik";"Kõik on juba nii hea, kui olla saab";""
"24/11/2019 08:38:06";"Tallinna Järveotsa Gümnaasium";"Naine";"7.-9.";"1-5 km";"1";"1";"5";"1";"1";"1";"sest ma elan lähedal";"1";"1";"1";"5";"1";"1";"1";"";"5";"";"alla 5 minuti";"ei viiakse";"3";"3";"käingi iseseisvalt kooli";"5-10 minutit";"ilma tingimuteta";"5";"rohkem kui 60 minutit";"4";"Reguleerimata ülekäigurajad, Halvasti valgustatud tänavad";"";"";"";"";""
"24/11/2019 13:40:47";"Tallinna Järveotsa Gümnaasium";"Mees";"7.-9.";"5-10 km";"5";"1";"1";"1";"1";"1";"Kuna isal jääb kool tee peale";"2";"1";"4";"1";"1";"1";"1";"Kui tulen hiljem koolist tuleb vanem järgi vahest kuid tavaliselt lähen koju ühistranspordiga";"5";"";"11-20 minutit";"Sest kool jääb ema / isa töökoha tee peale (või enamvähem)";"5";"5";"Oleks koolitee vähem turvaline, läheks kauem kooli, oleks suurem võimalus jääda haigeks";"31-45 minutit";"EI olegi";"4";"rohkem kui 60 minutit";"3";"Reguleerimata ülekäigurajad, Halvasti valgustatud tänavad, Pööret lõpetavad juhid ei anna lastele teed, Lubatud sõidukiirust ületavad juhid";"Kooli hoovi sõidavad autod";"Kooli hoovi sõidavad autod";"Olen tähelepanelik";"Kooli võiks minna kõnnitee ja jalakäiate sissekäik peaks olema eraldi autode sissekäigust";"Rohkem valgustust ja rõhkem kõnniteid"
"24/11/2019 14:39:19";"Tallinna Järveotsa Gümnaasium";"Naine";"10.-12.";"1-5 km";"1";"5";"5";"1";"1";"1";"Pole teist valikut";"1";"1";"5";"5";"1";"1";"1";"";"4";"";"11-20 minutit";"Ei viida";"1";"1";"Midagi, käin koguaeg ise ";"11-20 minutit";"Käin koguaeg ise ";"5";"11-20 minutit";"4";"Reguleerimata ülekäigurajad, Halvasti valgustatud tänavad, Pööret lõpetavad juhid ei anna lastele teed, Suurem oht langeda kuriteo ohvriks, Paljud täiskasvanud näitavad oma liikluskäitumisega lastele halba eeskuju";"";"";"";"";""
"24/11/2019 16:53:34";"Tallinna Järveotsa Gümnaasium";"Naine";"7.-9.";"1-5 km";"2";"1";"5";"1";"1";"1";"mul on lühike tee";"2";"1";"2";"5";"1";"1";"1";"";"5";"avarii";"alla 5 minuti";"Halva ilma korral, Sest kool jääb ema / isa töökoha tee peale (või enamvähem)";"3";"3";"ma käingi iseseisvalt koolis";"11-20 minutit";"ma käin koguaeg iseseisvalt";"4";"31-45 minutit";"5";"Minu arvates ei kooliteel mingeid ohte";"ei olegi";"";"";"midagi";"ohutu on juba piisavalt"
"24/11/2019 18:15:37";"Tallinna Järveotsa Gümnaasium";"Mees";"7.-9.";"ei oska vastata";"2";"5";"2";"2";"1";"1";"Sest muid viise pole";"1";"1";"5";"3";"2";"1";"1";"";"5";"";"5-10 minutit";"Siis kui esimene tund ära jääb";"3";"3";"Mitte midagi";"5-10 minutit";"Kui kiiremini kooli jõuaks";"3";"5-10 minutit";"4";"Minu arvates ei kooliteel mingeid ohte";"";"";"";"";""
"24/11/2019 18:56:46";"Tallinna Järveotsa Gümnaasium";"Mees";"1.-3.";"Kuni 1 km";"1";"1";"5";"1";"1";"1";"Elan kooli lähedal. ";"1";"1";"1";"5";"1";"1";"1";"Elan kooli lähedal. ";"5";"Ei tooda autoga kooli. ";"alla 5 minuti";"Ei viida autoga kooli. ";"5";"5";"Käin. ";"5-10 minutit";"Käin. ";"4";"rohkem kui 60 minutit";"3";"Reguleerimata ülekäigurajad, Lubatud sõidukiirust ületavad juhid";"Ei tea. ";"Ei oska. ";"Ettevaatlik. ";"Ei tea. ";"Ei oska. "
"24/11/2019 22:01:20";"Tallinna Järveotsa Gümnaasium";"Mees";"10.-12.";"Üle 10 km";"2";"4";"1";"1";"1";"2";"Kiire";"1";"1";"5";"1";"1";"1";"1";"Kiire";"5";"Ummikud";"5-10 minutit";"Halva ilma korral, Sest kool jääb ema / isa töökoha tee peale (või enamvähem), Siis kui ise palun, et mind viidaks autoga, Kui olen hiljaks jäämas, Kui olen on hommikul väga väsinud";"1";"1";"Ei raiska vanemate aega.";"31-45 minutit";"Mul pole vahet";"5";"46-60 minutit";"5";"Reguleerimata ülekäigurajad, Halvasti valgustatud tänavad, Pööret lõpetavad juhid ei anna lastele teed, Väikesed ohutussaared suure liiklusega teel, Suurem oht langeda kuriteo ohvriks, Paljud täiskasvanud näitavad oma liikluskäitumisega lastele halba eeskuju, Lubatud sõidukiirust ületavad juhid";"Ei peatu kõndjale ";"Okey";"Väga hea";"Ei";"Rohkem valgusti(mõnes kohas on pime)"
"25/11/2019 09:51:17";"Tallinna Järveotsa Gümnaasium";"Mees";"7.-9.";"1-5 km";"3";"4";"1";"1";"1";"1";"Sest mu ema ei saa autoga viia";"1";"1";"5";"1";"1";"1";"1";"See on kõige kiirem. ";"5";"Ei oskagi";"11-20 minutit";"Sest kool jääb ema / isa töökoha tee peale (või enamvähem), Kui nad lähvad tööle samal ajal kui mina kooli";"1";"2";"Ei muudaks üldse";"11-20 minutit";"Ma käin juba";"5";"21-30 minutit";"4";"Minu arvates ei kooliteel mingeid ohte";"Polegi";"Hea, ettevaatlik";"Hea, minu arvates";"Ei";"Ei"
"25/11/2019 12:58:31";"Tallinna Järveotsa Gümnaasium";"Mees";"7.-9.";"Üle 10 km";"1";"5";"1";"1";"1";"1";"Muud võimalust pole";"2";"1";"5";"3";"1";"1";"1";"Pean";"5";"Ei oska";"31-45 minutit";"Mind viiakse autoga ühistranspordi peatuseni, sest sinna on pikk maa";"3";"3";"Midagi";"31-45 minutit";"Ei";"3";"46-60 minutit";"3";"Reguleerimata ülekäigurajad, Halvasti valgustatud tänavad, Lubatud sõidukiirust ületavad juhid";"Ei";"Sõidavad sinna kuhu ei tohi sõita";"Hea";"Ei tea";"Ei"
"25/11/2019 13:04:35";"Tallinna Järveotsa Gümnaasium";"Naine";"7.-9.";"1-5 km";"1";"2";"4";"1";"1";"1";"Mulle meeldib rohkem liikuda ning värskes õhus viibida";"1";"1";"3";"5";"1";"1";"1";"";"5";"(Mina ei näegi ohte, kuna sõit võtab 3 minutit)";"alla 5 minuti";"Kui olen hiljaks jäämas";"4";"2";"See rahustaks mind ning annab võimaluse olla vaikuses enne/pärast kooli";"11-20 minutit";"Kui ilm oleks soojem ning kuiv(ilma vihmata)";"4";"46-60 minutit";"4";"Halvasti valgustatud tänavad";"Talvel on väike liumägi kooliväravate vahel ning päris tihti õpilased kukuvad";"";"";"";""
"25/11/2019 13:47:51";"Tallinna Järveotsa Gümnaasium";"Naine";"7.-9.";"Kuni 1 km";"1";"1";"3";"4";"1";"1";"Mulle meeldivad jalgrattad aga talvel ei saa jalgrattaga sõita";"1";"1";"3";"4";"4";"1";"1";"Sellepärast et see on nii";"2";"Kui keegi sisse sõidab";"5-10 minutit";"Ei viidagi";"1";"4";"ma käin iseseisvalt koolis";"5-10 minutit";"Ma käin iseseisvalt koolis";"3";"21-30 minutit";"4";"Kui ma jalgrattaga kellegile otsa sõidan";"Autojuhid ei tee vahel vahet sõiduteel ja jalakäijateteel";"Ma pole näinud aga pakkun et närviline";"Normaline";"Pole ruumi et midagi muuta";"Polegi lahendust"
"25/11/2019 15:12:44";"Tallinna Järveotsa Gümnaasium";"Naine";"10.-12.";"Kuni 1 km";"1";"1";"5";"1";"1";"1";"Ma elan liiga lähedal koolile, et oma aega ja raha raisata muu viisi peale.";"1";"1";"1";"5";"1";"1";"1";"";"3";"No tegu on tallinnaga.";"alla 5 minuti";"Ei viida ju?";"1";"1";"Absoluutselt mitte midagi";"5-10 minutit";"Ma käingi iseseisvalt koolis";"5";"46-60 minutit";"3";"";"";"";"";"";""
"25/11/2019 15:26:22";"Tallinna Järveotsa Gümnaasium";"Naine";"1.-3.";"Üle 10 km";"5";"1";"1";"1";"1";"1";"turvalisem ja kiirem";"2";"1";"4";"1";"1";"1";"1";"tulen koos vanema vennaga";"4";"teised autod";"11-20 minutit";"Sest kool jääb ema / isa töökoha tee peale (või enamvähem)";"5";"3";"varsti hakkangi";"31-45 minutit";"bussiajad";"3";"rohkem kui 60 minutit";"4";"Reguleerimata ülekäigurajad, Pööret lõpetavad juhid ei anna lastele teed, Ülekäigurajal on parkivate sõidukite tõttu nähtavus piiratud";"";"";"";"";""
"25/11/2019 17:15:21";"Tallinna Järveotsa Gümnaasium";"Naine";"7.-9.";"5-10 km";"2";"5";"1";"1";"1";"1";"Bussiga sõites on kõige mugavam";"2";"1";"5";"1";"1";"1";"1";"Bussiga sõites on kõige mugavam ning kiirem viis";"5";"";"11-20 minutit";"Halva ilma korral, Kui olen hiljaks jäämas";"5";"4";"Ma käin niigi kooli iseseisvalt";"11-20 minutit";"Ma käin koolis niigi iseseisvalt ";"5";"31-45 minutit";"5";"Reguleerimata ülekäigurajad, Halvasti valgustatud tänavad, Pööret lõpetavad juhid ei anna lastele teed, Sõidukijuhid sõidavad tihti punase fooritulega ristmikule, mida lapsed peavad ületama, Ülekäigurajal on parkivate sõidukite tõttu nähtavus piiratud";"Mitte midagi ohtlikut";"Mitte midagi erilist";"Ohutu";"Ei";"Mingeid muid lahendusi ei olegi"
"25/11/2019 17:16:22";"Tallinna Järveotsa Gümnaasium";"Mees";"4.-6.";"Kuni 1 km";"1";"1";"4";"3";"1";"1";"Sest, mu kooli tee on lühike.";"1";"1";"1";"4";"3";"1";"1";"...";"4";"Autoga võib kokku põrgata.";"alla 5 minuti";"Mind ei viida autoga kooli.";"4";"1";"Ma käingi jalksi/tõuksiga koolis";"5-10 minutit";"Ma käingi ise KOOLIS.";"4";"rohkem kui 60 minutit";"4";"Reguleerimata ülekäigurajad, Minu arvates ei kooliteel mingeid ohte";"Ühte.";"...";"Eeskujulik.";"...";"Valgusfoorid."
"25/11/2019 17:31:45";"Tallinna Järveotsa Gümnaasium";"Naine";"7.-9.";"Kuni 1 km";"2";"5";"2";"1";"1";"1";"Nii on kiirem.";"2";"1";"3";"4";"1";"1";"1";"Nii on kiirem.";"5";"Autoavarii";"alla 5 minuti";"Sest kool jääb ema / isa töökoha tee peale (või enamvähem), Kui pean arsti juurde minema.";"2";"3";"Mitte midagi, sest ma juba käin iseseisvalt koolis käin.";"11-20 minutit";"Ma niikuinii käin koolis iseseisvalt.";"4";"46-60 minutit";"5";"Minu arvates ei kooliteel mingeid ohte";"Pole midagi tähele pannu.";"";"";"Ei, ei saaks";"Mitte mingisuguseid."
"25/11/2019 17:34:48";"Tallinna Järveotsa Gümnaasium";"Naine";"7.-9.";"5-10 km";"2";"4";"1";"1";"1";"1";"Sest soovin bussiga liigelda ning vanemate elu lihtsamaks teha";"1";"1";"5";"1";"1";"1";"1";"";"4";"Kokku põrked.";"11-20 minutit";"Halva ilma korral, Siis kui ise palun, et mind viidaks autoga";"3";"2";"Mitte midagi erilist";"11-20 minutit";"Olen juba praegu nõus.";"4";"31-45 minutit";"4";"Reguleerimata ülekäigurajad, Lubatud sõidukiirust ületavad juhid";"";"Osad vanemad on stressis ning mõtlematud";"";"Ei";"Kool annab helkureid neile kes vajaksid"
"25/11/2019 17:45:35";"Tallinna Järveotsa Gümnaasium";"Naine";"7.-9.";"1-5 km";"5";"1";"1";"1";"1";"1";"On mugavam";"1";"1";"5";"1";"1";"1";"1";"Muidu ei saa koju";"5";"Teised autod";"11-20 minutit";"Kuna ma ei raatsi ise bussiga minna";"1";"1";"Oleksin rohkem väsinud";"21-30 minutit";"Kui kool algaks hiljem";"4";"rohkem kui 60 minutit";"4";"Reguleerimata ülekäigurajad, Halvasti valgustatud tänavad, Väikesed ohutussaared suure liiklusega teel, Ülekäigurajal on parkivate sõidukite tõttu nähtavus piiratud";"Ohtlik ülekäigurada, ohtlik parkla";"Normaalne";"Perfektne";"Ei tea";"Ei tea"
"25/11/2019 17:57:02";"Tallinna Järveotsa Gümnaasium";"Naine";"10.-12.";"Kuni 1 km";"1";"1";"5";"1";"1";"1";"Sest ma elan koolile nii lähedal ja muu oleks mõtetu.";"1";"1";"1";"5";"1";"1";"1";"";"5";"";"alla 5 minuti";"Mind ei viida autoga kooli";"1";"3";"Ma käin!";"alla 5 minuti";"Ma käin iga päev ise!";"5";"31-45 minutit";"5";"Minu arvates ei kooliteel mingeid ohte";"";"Korralik.";"Korralik.";"Ei.";""
"25/11/2019 18:04:32";"Tallinna Järveotsa Gümnaasium";"Mees";"10.-12.";"Üle 10 km";"5";"2";"1";"1";"2";"1";"Vanem liigub samal ajal linna tööle, liiga pikk maa kõndimiseks või rattaga sõitmiseks, ühistranspordiga minekuks tuleb liiga vara ärgata.";"2";"1";"5";"1";"1";"2";"1";"Pikk maa jalgsi ja rattaga minekuks, ühistransport liigub tihedamini. ";"4";"Avariid, sõidukite tõrked";"21-30 minutit";"Sest kool jääb ema / isa töökoha tee peale (või enamvähem)";"3";"4";"Peaksin mitu tundi varem ärkama, et ühistranspordile jõuda. ";"46-60 minutit";"Sõidan ise autoga";"5";"31-45 minutit";"3";"Reguleerimata ülekäigurajad, Halvasti valgustatud tänavad, Pööret lõpetavad juhid ei anna lastele teed, Lubatud sõidukiirust ületavad juhid";"";"";"";"";""
"25/11/2019 18:12:28";"Tallinna Järveotsa Gümnaasium";"Naine";"7.-9.";"1-5 km";"2";"4";"1";"1";"1";"1";"Mugavaim viis";"1";"1";"5";"2";"1";"1";"1";"Lihtsaim";"5";"";"5-10 minutit";"Sest kool jääb ema / isa töökoha tee peale (või enamvähem), Kui olen hiljaks jäämas";"3";"3";"Rohkem aega läheks";"46-60 minutit";"Ei tea";"5";"11-20 minutit";"5";"Sõidukijuhid sõidavad tihti punase fooritulega ristmikule, mida lapsed peavad ületama, Paljud täiskasvanud näitavad oma liikluskäitumisega lastele halba eeskuju, Lubatud sõidukiirust ületavad juhid";"Kiiruse ületamist";"Hea";"Hea";"Ei";"Ei tea"
"25/11/2019 18:51:16";"Tallinna Järveotsa Gümnaasium";"Naine";"7.-9.";"5-10 km";"3";"4";"1";"1";"1";"1";"Kuna mulle meeldib hommikul värske õhu käes olla ja kui ma bussile kõnnin, siis ma saan värske õhu käes olla";"3";"1";"4";"2";"1";"1";"1";"";"4";"";"11-20 minutit";"Siis kui ise palun, et mind viidaks autoga";"3";"3";"Mitte midagi ";"21-30 minutit";"Ma ei käi põhimõtteliselt kunagi autoga koolis vaid väga harva";"4";"rohkem kui 60 minutit";"4";"Sõidukijuhid sõidavad tihti punase fooritulega ristmikule, mida lapsed peavad ületama";"";"";"";"";""
"25/11/2019 19:05:52";"Tallinna Järveotsa Gümnaasium";"Mees";"7.-9.";"1-5 km";"2";"4";"1";"1";"1";"1";"Vanemad käsivad";"2";"1";"4";"1";"1";"1";"1";"";"5";"Autoavarii";"5-10 minutit";"Halva ilma korral, Siis kui ise palun, et mind viidaks autoga, Kui olen hiljaks jäämas";"2";"1";"Mitte midagi";"11-20 minutit";"Ei ole midagi vaja";"3";"alla 5 minuti";"2";"Minu arvates ei kooliteel mingeid ohte";"";"Normaalne";"Ei oska vastata";"Ei saa";"Ei oska vastata"
"25/11/2019 19:08:35";"Tallinna Järveotsa Gümnaasium";"Naine";"10.-12.";"Üle 10 km";"4";"2";"1";"1";"1";"1";"Sest elan koolist kaugel ja ühistrandspordiga kooli minnes jään kooli hiljaks.";"3";"1";"4";"1";"1";"1";"1";"Sest jõuan varem koju kui autoga minnes";"5";"";"31-45 minutit";"Sest kool jääb ema / isa töökoha tee peale (või enamvähem)";"3";"5";"Kooli minekuks kuluva aja pikkust";"31-45 minutit";"Kui mu ühistrandspordi ajad oleks sobilikumad või oleks oma auto";"4";"11-20 minutit";"4";"Reguleerimata ülekäigurajad, Pööret lõpetavad juhid ei anna lastele teed";"";"";"";"";""
"25/11/2019 19:13:40";"Tallinna Järveotsa Gümnaasium";"Mees";"7.-9.";"1-5 km";"4";"2";"2";"1";"1";"1";"..sest mind viiakse autoga?";"3";"1";"4";"4";"1";"1";"1";"mulle meeldib jalgsi jalutada ja bussis istuda";"4";"eriti ei oska. võib olla liigub ringi mõni kahtlane isik, aga seda pole veel minuga juhtunud";"5-10 minutit";"Sest kool jääb ema / isa töökoha tee peale (või enamvähem)";"3";"5";"käiks nüüd ka kodust kooli jalgsi";"21-30 minutit";"olen lihtsalt nõus";"4";"rohkem kui 60 minutit";"4";"Reguleerimata ülekäigurajad";"eriti polegi";"pole jälginud";"tavaline?";"võib olla. ma pole eriti ohte näinud, aga ma ei vaata ka kõikjale";""
"25/11/2019 20:41:43";"Tallinna Järveotsa Gümnaasium";"Naine";"7.-9.";"Üle 10 km";"1";"4";"3";"1";"1";"1";"Ma kasutan selliseid viise kooliminekul kuna mulle on see väga sobilik ja mugav.";"1";"1";"4";"2";"1";"1";"1";"Ühistranspordiga on väga mugav sõita.";"5";"Näiteks avarii, pahad inimesed hakkavad paluma raha ja ähvardama bussis.";"5-10 minutit";"Siis kui ise palun, et mind viidaks autoga";"2";"1";"Ma lähengi tavaliselt ise kooli.";"31-45 minutit";"Ma käiks isegi jalgsi kooli siis kui mul oleks sõpru kellega saaks teel juttu ajada.";"5";"rohkem kui 60 minutit";"5";"Paljud täiskasvanud näitavad oma liikluskäitumisega lastele halba eeskuju, Suur liiklus.";"Kooli juures on palju autosi. Pimedas kui väike laps jookseb kooli võib autojuht seda mitte märgata ja siis on paha lugu.";"Mõned sõidavad liiga kiiresti.";"Normaalne";"Ma arvan et rohkem valgust ja võibolla ohutusmärke.";"Ma ei oska sellele vastata."
"25/11/2019 20:42:50";"Tallinna Järveotsa Gümnaasium";"Mees";"7.-9.";"5-10 km";"2";"5";"1";"2";"1";"1";"Kõige praktilisem ja mugavam";"1";"1";"5";"2";"2";"1";"1";"Ka sellepärast et see on kõige praktilisem ja mugavam kui arvestada ka mu vanematega";"4";"Autoavarii";"11-20 minutit";"Halva ilma korral, Siis kui ise palun, et mind viidaks autoga, Kui olen hiljaks jäämas, Kui olen on hommikul väga väsinud";"4";"5";"midagi";"21-30 minutit";"KÄIN JUBA";"5";"31-45 minutit";"3";"Lubatud sõidukiirust ületavad juhid";"Ulakad bussijuhid";"Väga hea nii palju kui olen jälginud.";"Väga hea.";"Ei tule kohe midagi pähe.";"Ei oska midagi pakkuda"
"25/11/2019 20:52:37";"Tallinna Järveotsa Gümnaasium";"Naine";"1.-3.";"1-5 km";"2";"1";"5";"4";"1";"1";"Kiire ja nugav";"2";"1";"1";"5";"5";"1";"1";"Kiire ja mugav";"5";"";"5-10 minutit";"Juba käin";"4";"4";"Juba käin";"5-10 minutit";"Juba käin ise";"5";"rohkem kui 60 minutit";"4";"Pööret lõpetavad juhid ei anna lastele teed";"";"";"";"";""
"25/11/2019 21:15:25";"Tallinna Järveotsa Gümnaasium";"Naine";"7.-9.";"5-10 km";"3";"5";"1";"2";"1";"1";"Pole teisi võimalusi ";"3";"1";"5";"1";"2";"1";"1";"";"5";"Närvilised liiklejad";"5-10 minutit";"Halva ilma korral, Sest kool jääb ema / isa töökoha tee peale (või enamvähem), Siis kui ise palun, et mind viidaks autoga, Kui olen hiljaks jäämas, Kui olen on hommikul väga väsinud";"4";"5";"Käingi iseseisvalt";"11-20 minutit";"Käin juba iseseisvalt koolis";"5";"31-45 minutit";"4";"Pööret lõpetavad juhid ei anna lastele teed, Paljud täiskasvanud näitavad oma liikluskäitumisega lastele halba eeskuju, Lubatud sõidukiirust ületavad juhid";"Paar autoõnnetust, peaargu oleks mind auto alla aetud, sest nad on vist pimedad";"Tundub viisakas";"Ettevaatlik";"Meil TJGs kõik suht ohutu, ümbrus on hästi planeeritud";""
"25/11/2019 21:38:09";"Tallinna Järveotsa Gümnaasium";"Mees";"7.-9.";"5-10 km";"4";"3";"1";"1";"1";"1";"Sest, et tegu on kõige lihtsamate viisidega.";"1";"1";"5";"1";"1";"1";"1";"";"5";"";"11-20 minutit";"Halva ilma korral, Sest kool jääb ema / isa töökoha tee peale (või enamvähem), Kui olen hiljaks jäämas";"2";"3";"Väga midagi ei muudaks.";"21-30 minutit";"Kui bussis tihemini käiks.";"4";"31-45 minutit";"4";"Halvasti valgustatud tänavad, Lubatud sõidukiirust ületavad juhid";"";"";"";"";""
"25/11/2019 22:32:34";"Tallinna Järveotsa Gümnaasium";"Naine";"7.-9.";"Kuni 1 km";"1";"1";"5";"1";"1";"1";"Sest nii on mugav.";"1";"1";"2";"4";"1";"1";"1";"Sest vahel lähen koos sõpradega bussiga, et saaks veidi juttu ajada.";"5";"Ei ole";"alla 5 minuti";"Halva ilma korral, Kui olen hiljaks jäämas, Kui olen on hommikul väga väsinud";"4";"2";"Mitte midagi kuna käin niigi iseseisvalt koolis.";"alla 5 minuti";"Käin juba ja mul pole selle vastu midagi.";"5";"rohkem kui 60 minutit";"5";"Minu arvates ei kooliteel mingeid ohte";"Lapsed jooksevad üle punase tule.";"Ettevaatlikud.";"Rahulik, ettevaatlik.";"Ei";"Ei oska öelda."
"26/11/2019 11:36:37";"Tallinna Järveotsa Gümnaasium";"Mees";"4.-6.";"1-5 km";"4";"2";"1";"1";"1";"1";"Kuna muidu ma pean varem ärkama";"1";"1";"5";"1";"1";"1";"1";"Mu isal on töö";"5";"";"5-10 minutit";"Siis kui ise palun, et mind viidaks autoga, Kui olen on hommikul väga väsinud, Sest nii on ohutum";"4";"4";"Õpiksin rohkem linna";"11-20 minutit";"Kui ma tunneksin rohkem linna rohkem ja oleks ohutum liikuda";"5";"rohkem kui 60 minutit";"4";"Halvasti valgustatud tänavad, Suurem oht langeda kuriteo ohvriks, Sõidukijuhid sõidavad tihti punase fooritulega ristmikule, mida lapsed peavad ületama, Paljud täiskasvanud näitavad oma liikluskäitumisega lastele halba eeskuju";"Palju prügi ja kodutuid";"Ohutu";"Hea";"Ei tea";"Ei tea"
"26/11/2019 11:39:09";"Tallinna Järveotsa Gümnaasium";"Mees";"4.-6.";"5-10 km";"5";"1";"1";"1";"1";"4";"Sest mul ei ole võimalik teiste abi vahenditega";"5";"3";"3";"1";"1";"1";"3";"Ei ole teist võimalust";"4";"Avari";"11-20 minutit";"Ma elan kaugel";"5";"5";"See oleks lahe";"46-60 minutit";"Et mul võetakse ps4 ära";"4";"rohkem kui 60 minutit";"4";"Reguleerimata ülekäigurajad";"Lahe ";"Normalne";"Hea";"Ok";"Et oleks rohkem ohutu"
"26/11/2019 11:39:46";"Tallinna Järveotsa Gümnaasium";"Mees";"4.-6.";"5-10 km";"4";"3";"1";"1";"1";"1";"sest kui ma hommikul tõusen ma olen väga väsind ja kell on juba 7.20 ma lihtsalt istun autosse ja söön seal";"4";"1";"3";"1";"1";"1";"1";"";"5";"";"5-10 minutit";"Siis kui ise palun, et mind viidaks autoga, Kui olen on hommikul väga väsinud, Sest nii on ohutum";"5";"3";"ma oleks väga väsind ";"11-20 minutit";"ei ma ei hakkas kaima ";"5";"rohkem kui 60 minutit";"5";"Halvasti valgustatud tänavad, Pööret lõpetavad juhid ei anna lastele teed, Väikesed ohutussaared suure liiklusega teel";"";"";"";"";""
"26/11/2019 11:40:01";"Tallinna Järveotsa Gümnaasium";"Naine";"4.-6.";"1-5 km";"1";"5";"1";"1";"1";"1";"Sest see on kiire ja mugav";"1";"1";"5";"2";"1";"1";"1";"Ma sõidan ühistransportiga, sest see on ainus viis mulle saada koju kiiresti (peale jalgsi)";"4";"Keegi sõidab su autole pihta";"11-20 minutit";"Ma ei sõida autoga";"4";"3";"Ma käin koolis iseseisvalt";"11-20 minutit";"Sest liikumine on tervisele parem, kui lihtsalt autos istumine ja ootamine, kui kohal oled";"4";"46-60 minutit";"4";"Reguleerimata ülekäigurajad, Halvasti valgustatud tänavad, Pööret lõpetavad juhid ei anna lastele teed, Väikesed ohutussaared suure liiklusega teel, Ülekäigurajal on parkivate sõidukite tõttu nähtavus piiratud, Paljud täiskasvanud näitavad oma liikluskäitumisega lastele halba eeskuju, Lubatud sõidukiirust ületavad juhid";"Praegu ma pole midagi märganud";"Sõidavad sinna, kuhu pole lubatud";"Ettevaatlik";"Jah, saaks";"ma ei tea..."
"26/11/2019 11:40:39";"Tallinna Järveotsa Gümnaasium";"Naine";"4.-6.";"Kuni 1 km";"1";"5";"1";"1";"1";"1";"Sest minu vanemad ei jaksa mind autoga viia ja ma elan kooli juures";"2";"1";"5";"1";"1";"1";"1";"Sest ma elan lähedal ja ma saan bussiga minna väga kiiresti";"5";"ma ei tea";"5-10 minutit";"Siis kui ise palun, et mind viidaks autoga";"1";"1";"mitte midagi väga";"11-20 minutit";"Kui saan süüa peale seda";"4";"rohkem kui 60 minutit";"4";"Minu arvates ei kooliteel mingeid ohte";"Ma ei tea";"Ma ei tea";"Ma ei tea";"Vaata kaameraid, sest üks kord meie koolist varastati arvuti";"VAATA KAAMERIAD!"
"26/11/2019 11:40:42";"Tallinna Järveotsa Gümnaasium";"Mees";"10.-12.";"Kuni 1 km";"1";"1";"5";"1";"1";"1";"Sest teisi ei taha";"5";"5";"5";"5";"5";"5";"5";"Jah see on hea";"3";"Klaasi saab lõhkuda";"alla 5 minuti";"Halva ilma korral, Kui olen hiljaks jäämas";"3";"3";"Ma ei tea";"alla 5 minuti";"Ma ei tea";"5";"rohkem kui 60 minutit";"5";"Minu arvates ei kooliteel mingeid ohte";"Ei tea";"Ei tea";"Ei tea";"Ei tea";"Ei tea"
"26/11/2019 11:41:13";"Tallinna Järveotsa Gümnaasium";"Mees";"4.-6.";"Kuni 1 km";"2";"1";"4";"1";"1";"1";"Ma ei tea";"1";"1";"1";"5";"1";"1";"1";"";"5";"";"alla 5 minuti";"Halva ilma korral, Siis kui ise palun, et mind viidaks autoga, Kui olen on hommikul väga väsinud";"3";"4";"Mitte midagi";"5-10 minutit";"🤷‍♂️ ma ei tea";"4";"rohkem kui 60 minutit";"5";"Minu arvates ei kooliteel mingeid ohte";"";"Hea";"";"Võiksid ülekaiguraja kuhugi lähedale ehitad kuna vahepeal on suht piin üle tee minna nii et sind peaaegu alla ajatakse.";""
"26/11/2019 11:41:53";"Tallinna Järveotsa Gümnaasium";"Naine";"4.-6.";"ei oska vastata";"4";"2";"1";"1";"1";"1";"Sest mul ei ole võimalik muud moodi.";"2";"1";"5";"1";"1";"1";"1";"";"5";"";"11-20 minutit";"Sest kool jääb ema / isa töökoha tee peale (või enamvähem)";"5";"3";"Ma oleks rohkem väsinud";"21-30 minutit";"Kui ilm oleks ilus ja homikud oleksid valged";"5";"31-45 minutit";"3";"Reguleerimata ülekäigurajad, Halvasti valgustatud tänavad, Väikesed ohutussaared suure liiklusega teel";"";"";"Hea";"";"Valvur võiks kaameraid vaadata!"
"26/11/2019 11:42:32";"Tallinna Järveotsa Gümnaasium";"Naine";"4.-6.";"5-10 km";"4";"2";"1";"1";"1";"1";"Kuna mu isa saab mind kooli viia ja bussid haisevad.";"4";"2";"2";"1";"1";"1";"1";"Kuna mu isa saab mind ära viia";"4";"auto avarii, sõidad tiiki.";"5-10 minutit";"Sest kool jääb ema / isa töökoha tee peale (või enamvähem), Kui olen hiljaks jäämas";"1";"1";"hiljem kooli,trenni";"11-20 minutit";"kui mu arvuti jääb mulle ja swda ei võeta ära.";"4";"46-60 minutit";"4";"Minu arvates ei kooliteel mingeid ohte";"pole näinud.";"mõned sõidavad sinna kuhu ei tohi aga kuidu hea.";"Päris hea.";"Vaatata kaameraid";"vaata kaameraid"
"26/11/2019 11:42:49";"Tallinna Järveotsa Gümnaasium";"Naine";"4.-6.";"5-10 km";"4";"2";"1";"1";"1";"1";"Sest muidu jõuan liiga vara kooli";"2";"1";"5";"1";"1";"1";"1";"Sest mu vanemad töötavad väga kaugel ja nende töö lõppeb öhtul";"4";"Loomad teel ";"11-20 minutit";"Sest kool jääb ema / isa töökoha tee peale (või enamvähem), Siis kui ise palun, et mind viidaks autoga, Kui olen hiljaks jäämas";"1";"1";"Oleks rohkem väsinud ja väga külm";"31-45 minutit";"Ma ei ole nõus";"5";"rohkem kui 60 minutit";"3";"Halvasti valgustatud tänavad";"Joodikuid olen näinud";"Normaalne";"Olen korralik";"Öösel aknad ja uksed lukku, vaatata kaameraid ja väravad lukus et võõrad sisse ei saaks";"Samad Mis enne"
"26/11/2019 12:08:01";"Tallinna Järveotsa Gümnaasium";"Naine";"4.-6.";"5-10 km";"4";"2";"1";"1";"1";"1";"Sest kodu on kaugel ja nii on mugavam";"3";"1";"4";"1";"1";"1";"1";"";"4";"Kitsed ja põdrad jooksevad teele";"11-20 minutit";"Halva ilma korral, Sest kool jääb ema / isa töökoha tee peale (või enamvähem)";"1";"1";"Pean varem ülesse ärkama ";"46-60 minutit";"Siis kui ma rohkem taskuraha saan";"4";"rohkem kui 60 minutit";"3";"Reguleerimata ülekäigurajad, Halvasti valgustatud tänavad, Pööret lõpetavad juhid ei anna lastele teed, Sõidukijuhid sõidavad tihti punase fooritulega ristmikule, mida lapsed peavad ületama, Paljud täiskasvanud näitavad oma liikluskäitumisega lastele halba eeskuju";"Autod sõidavad kiiresti";"Pargivad kohta kuhu ei tohi";"Hea";"Tõkkepuid panna";""
"26/11/2019 12:12:05";"Tallinna Järveotsa Gümnaasium";"Naine";"4.-6.";"ei oska vastata";"2";"2";"1";"1";"1";"1";"Kuna see on mugavam.";"2";"1";"4";"1";"1";"1";"1";"";"5";"Et keegi võib meile otsa sõita .";"5-10 minutit";"Halva ilma korral, Kui olen on hommikul väga väsinud, Kui ei viitsi kõndida .";"5";"3";"Et ma ei oleks nii laisk .";"5-10 minutit";"Kui mulle raha antakse .";"5";"31-45 minutit";"3";"Halvasti valgustatud tänavad, Pööret lõpetavad juhid ei anna lastele teed, Suurem oht langeda kuriteo ohvriks, Paljud täiskasvanud näitavad oma liikluskäitumisega lastele halba eeskuju, Lubatud sõidukiirust ületavad juhid";"Ma ei ole midagi ohtliku pannid tähele .";"Eeskujulik";"Eeskujulik";"Ma arvan, et ei .";"Ma ei tea"
"26/11/2019 12:23:30";"Tallinna Järveotsa Gümnaasium";"Naine";"4.-6.";"ei oska vastata";"4";"2";"1";"1";"1";"1";"Sest mu vanemad arvavad, et autoga viies saab kiiremini kooli.";"1";"1";"5";"1";"1";"1";"1";"Sest bussiga saab kiiremini koju.";"5";"Keegi võib sulle otsa sõita.";"11-20 minutit";"Sest kool jääb ema / isa töökoha tee peale (või enamvähem), Sest mu vanemad arvavad, et autoga saab kiiremini kooli.";"4";"5";"Ma ei oleks nii laisk.";"11-20 minutit";"Kui rohkem sõpru tuleks hommikul bussiga kooli.";"5";"21-30 minutit";"3";"Reguleerimata ülekäigurajad, Halvasti valgustatud tänavad";"";"";"";"";""
"26/11/2019 12:23:48";"Tallinna Järveotsa Gümnaasium";"Naine";"4.-6.";"5-10 km";"1";"5";"1";"1";"1";"1";"nii on mugavam. ei taha vanemaid äratada.";"1";"1";"5";"1";"1";"1";"1";"Sest vanemaid ei taha äratada.";"4";"Võib-olla, mingid avariid. ";"5-10 minutit";"Halva ilma korral, Siis kui ise palun, et mind viidaks autoga, Kui olen hiljaks jäämas";"1";"1";"Ma käingi täesti iseseisvalt kooli.";"21-30 minutit";"Ma alati käin iseseisvalt kooli. Kuhu veel rohkem?";"4";"5-10 minutit";"4";"Suurem oht langeda kuriteo ohvriks, Lubatud sõidukiirust ületavad juhid";"";"";"";"";""
"26/11/2019 12:28:30";"Tallinna Järveotsa Gümnaasium";"Mees";"7.-9.";"1-5 km";"1";"5";"3";"5";"1";"1";"Sest ma pean";"3";"3";"4";"3";"3";"2";"5";"Ei tea";"5";"Ei oska";"21-30 minutit";"Halva ilma korral, Kui olen on hommikul väga väsinud";"5";"1";"Kõike";"21-30 minutit";".";"5";"21-30 minutit";"4";"Reguleerimata ülekäigurajad, Pööret lõpetavad juhid ei anna lastele teed";".";".";".";".";"."
"26/11/2019 12:44:24";"Tallinna Järveotsa Gümnaasium";"Naine";"4.-6.";"5-10 km";"1";"5";"1";"1";"1";"1";"nii on mugavam. ei taha vanemaid äratada.";"1";"1";"5";"1";"1";"1";"1";"Sest vanemaid ei taha äratada.";"4";"Võib-olla, mingid avariid. ";"5-10 minutit";"Halva ilma korral, Siis kui ise palun, et mind viidaks autoga, Kui olen hiljaks jäämas";"1";"1";"Ma käingi täesti iseseisvalt kooli.";"21-30 minutit";"Ma alati käin iseseisvalt kooli. Kuhu veel rohkem?";"4";"5-10 minutit";"4";"Suurem oht langeda kuriteo ohvriks, Lubatud sõidukiirust ületavad juhid";"";"";"";"";""
"26/11/2019 13:03:12";"Tallinna Järveotsa Gümnaasium";"Mees";"10.-12.";"Kuni 1 km";"1";"1";"5";"1";"5";"1";"Elan ligidal";"1";"1";"1";"5";"1";"4";"1";"";"5";"";"alla 5 minuti";"Ei tule autoga";"1";"1";"Midagi ";"alla 5 minuti";"Midagi";"5";"rohkem kui 60 minutit";"5";"";"";"";"";"";""
"26/11/2019 16:00:14";"Tallinna Järveotsa Gümnaasium";"Naine";"10.-12.";"Üle 10 km";"5";"5";"1";"1";"1";"1";"Sest ma elan kaugel";"2";"2";"4";"1";"1";"1";"1";"";"5";"";"46-60 minutit";"Mind viiakse autoga ühistranspordi peatuseni, sest sinna on pikk maa";"3";"3";"Kõike";"rohkem kui 60 minutit";"Ma ei tea";"4";"46-60 minutit";"4";"Reguleerimata ülekäigurajad";"";"";"";"";""
"26/11/2019 16:55:18";"Tallinna Järveotsa Gümnaasium";"Naine";"4.-6.";"ei oska vastata";"1";"4";"2";"1";"1";"1";"Kuna see on kiireim viis";"1";"1";"4";"2";"1";"1";"1";"";"4";"Auto avarii";"alla 5 minuti";"Siis kui ise palun, et mind viidaks autoga, Kui olen hiljaks jäämas";"2";"3";"Mul läheks kauem aega ";"5-10 minutit";"Kui bussiga läheks kauem";"4";"rohkem kui 60 minutit";"4";"Reguleerimata ülekäigurajad, Paljud täiskasvanud näitavad oma liikluskäitumisega lastele halba eeskuju";"Et inimesed lähevad ületee ilma vaatamata kas autosid tuleb";"Ei vaata ülekäigurajal kas autosid tuleb";"Olen ettevaatlik ja vaatan ülekäigurajal kas autosid tuleb";"Ülekäigu rajadele võiks panna valgusfoor";""
"26/11/2019 19:38:29";"Tallinna Järveotsa Gümnaasium";"Mees";"4.-6.";"1-5 km";"2";"5";"1";"1";"1";"1";"kuna muud varianti ei ole";"1";"1";"5";"1";"1";"1";"1";"";"4";"";"5-10 minutit";"Kui olen hiljaks jäämas";"4";"4";"oleks ükildasem";"21-30 minutit";"olengi nõus";"5";"rohkem kui 60 minutit";"4";"Reguleerimata ülekäigurajad, Pööret lõpetavad juhid ei anna lastele teed, Sõidukijuhid sõidavad tihti punase fooritulega ristmikule, mida lapsed peavad ületama, Lubatud sõidukiirust ületavad juhid";"autod sõidavad liiga kiiresti";"";"viisakas";"ei";"aed tugevamaks ja, etkooli ajal oleks värav lukus"
"26/11/2019 21:27:14";"Tallinna Järveotsa Gümnaasium";"Mees";"1.-3.";"1-5 km";"5";"1";"1";"1";"1";"1";"Mugav ja turvaline";"1";"1";"4";"2";"1";"1";"1";"Muud võimalust pole ";"5";"";"5-10 minutit";"Sest nii on ohutum";"4";"3";"Mõjub tervisele paremini";"21-30 minutit";"Ei tea";"5";"rohkem kui 60 minutit";"4";"Reguleerimata ülekäigurajad, Pööret lõpetavad juhid ei anna lastele teed, Väikesed ohutussaared suure liiklusega teel, Ülekäigurajal on parkivate sõidukite tõttu nähtavus piiratud, Paljud täiskasvanud näitavad oma liikluskäitumisega lastele halba eeskuju";"Ei anna lastele teed";"Korralik";"Olen tähelepanelik";"Ei";""
"26/11/2019 21:29:03";"Tallinna Järveotsa Gümnaasium";"Mees";"1.-3.";"Kuni 1 km";"3";"4";"3";"1";"1";"1";"Meeldib autoga minna, saab kõige kiiremini. Bussiga läheb kaua aega. Jalgsi kardan, et hilinen.";"1";"1";"1";"5";"1";"1";"1";"Nii on kõige mõnusam.";"4";"Autod.";"alla 5 minuti";"Sest kool jääb ema / isa töökoha tee peale (või enamvähem)";"5";"3";"Kardaksin rohkem.";"11-20 minutit";"Käin piisavalt ise.";"5";"21-30 minutit";"5";"Reguleerimata ülekäigurajad";"";"";"";"";""
"26/11/2019 22:18:46";"Tallinna Järveotsa Gümnaasium";"Mees";"4.-6.";"5-10 km";"5";"1";"1";"1";"1";"1";"Sest see on ohutum. ";"3";"1";"4";"1";"1";"1";"1";"Kui vanemad on läheduses siis tulevad järgi aga kui mitte siis lähen bussiga. ";"5";"Auto avarii. ";"5-10 minutit";"Sest nii on ohutum";"4";"5";"Oleks natukene ohtlikum. ";"31-45 minutit";"Võiksin praegu ka käia. ";"4";"rohkem kui 60 minutit";"4";"";"";"";"";"";""
"26/11/2019 23:00:38";"Tallinna Järveotsa Gümnaasium";"Mees";"4.-6.";"Üle 10 km";"5";"1";"1";"1";"1";"1";"vanemad lähevad linna tööle ja viivad minu kooli";"3";"1";"3";"1";"1";"1";"1";"";"4";"";"46-60 minutit";"Sest kool jääb ema / isa töökoha tee peale (või enamvähem)";"3";"3";"saaksin iseseisvamaks";"46-60 minutit";"kui linnas elaksime";"4";"46-60 minutit";"4";"Halvasti valgustatud tänavad, Minu arvates ei kooliteel mingeid ohte";"pole näinud";"normaalne";"normaalne";"ei tea";"tuleb olla tähelepanelik ja mitte tormata"
"27/11/2019 19:32:04";"Tallinna Järveotsa Gümnaasium";"Naine";"4.-6.";"1-5 km";"3";"3";"1";"1";"1";"1";"sest teistmoodi ei saa või ei ole sobiv ilm";"3";"1";"3";"1";"1";"1";"1";"";"4";"võib juhtuda atoavarii";"5-10 minutit";"Halva ilma korral, Siis kui ise palun, et mind viidaks autoga, Kui olen hiljaks jäämas";"3";"3";"ma oleks rohkem iseseisev";"21-30 minutit";"mitte mingil tingimusel sest ma olen juba käinud ise";"5";"46-60 minutit";"4";"Halvasti valgustatud tänavad, Sõidukijuhid sõidavad tihti punase fooritulega ristmikule, mida lapsed peavad ületama, Paljud täiskasvanud näitavad oma liikluskäitumisega lastele halba eeskuju";"minu arust ei ole";"nad sõidavad kiiresti ja on kurjad";"tähelepanelik";"ma arvan et saaks aga mulle meeldib väga oma kool ja selle ümbruses on väga vähe miinuseid ";""
"27/11/2019 21:12:28";"Tallinna Järveotsa Gümnaasium";"Mees";"7.-9.";"Kuni 1 km";"1";"1";"5";"1";"1";"1";"Sest koolini on 100-200 meetrit.";"1";"1";"1";"5";"1";"1";"1";"Sest koolini on 100-200 meetrit.";"5";"";"alla 5 minuti";"mind ei viida autoga kooli sest kool on paari meetri kaugusel koolist";"3";"3";"Käin niigi iseseisvalt koolis";"alla 5 minuti";"Ma käin niigi iseseisvalt koolis";"4";"rohkem kui 60 minutit";"4";"Lubatud sõidukiirust ületavad juhid";"Ühel pool aeda ei ole ülekäigu rada.";"";"";"Teha rohkem ülekäigu radu.";""
"28/11/2019 16:19:48";"Tallinna Järveotsa Gümnaasium";"Mees";"4.-6.";"Kuni 1 km";"4";"1";"2";"1";"1";"1";"Vanemad siis sõidavad tööle";"2";"1";"1";"4";"1";"1";"1";"Sest kodu on lähedal ja vanemad on tööl";"4";"Lollid inimesed";"5-10 minutit";"Sest kool jääb ema / isa töökoha tee peale (või enamvähem)";"4";"4";"Midagi";"11-20 minutit";"Minule kõik sobib";"4";"21-30 minutit";"4";"Reguleerimata ülekäigurajad, Pööret lõpetavad juhid ei anna lastele teed, Ülekäigurajal on parkivate sõidukite tõttu nähtavus piiratud, Paljud täiskasvanud näitavad oma liikluskäitumisega lastele halba eeskuju, Lubatud sõidukiirust ületavad juhid";"Midagi";"Midagi erilist";"Normaalne";"Midagi";"Et politsei jälgiks auto kiirust"
"28/11/2019 20:04:38";"Tallinna Järveotsa Gümnaasium";"Naine";"4.-6.";"1-5 km";"3";"2";"4";"4";"1";"1";"Tavaliselt sõidan kooli ainult tõukerattaga kuna kool väga lähedal. Talviti või külmadel ilmadel tuuakse mind koolile lähemale.";"2";"1";"3";"4";"4";"1";"1";"Autoga ei lähe tavaliselt kunagi koolist koju. Ainult pärast trenni kui on juba pime või kui mul on halb olla.";"4";"lapsed";"alla 5 minuti";"Halva ilma korral, Sest kool jääb ema / isa töökoha tee peale (või enamvähem)";"5";"5";"Käin enda arust piisavalt palju iseseisvalt.";"5-10 minutit";"Kui mul on tõukerattas meeldib mulle rohkem ise kooli/koolist koju minna";"5";"rohkem kui 60 minutit";"4";"Reguleerimata ülekäigurajad, Pööret lõpetavad juhid ei anna lastele teed, Ülekäigurajal on parkivate sõidukite tõttu nähtavus piiratud, Paljud täiskasvanud näitavad oma liikluskäitumisega lastele halba eeskuju";"Kooli juures on alati nii palju autosi et raske on üle tee minna. Vahest ei lase autod mind üle tee.";"Liiga paljud lapsevanemad viivad oma lapsi kooli ette/ väga lähedale.";"";"";"Ülekäigurada. "
"28/11/2019 23:46:35";"Tallinna Järveotsa Gümnaasium";"Mees";"7.-9.";"1-5 km";"1";"4";"2";"1";"1";"1";"Sest nad kõige lihtsamad ja ei vaja kellegi teise abi. Näiteks nagu keegi viib sind kooli autoga.";"1";"1";"4";"2";"1";"1";"1";"Kõige lihtsam võimalus.";"3";"Avarii (autode põrge, teelt välja lendamine)";"alla 5 minuti";"Kui on plaanid kuskile kaugele minna ja keegi on ka teel sinna.";"3";"4";"Ma juba käi päris iseseisvalt, et siis ei tea mida vastata.";"11-20 minutit";"Ma juba käin ise koolis ja võin öelda, et sa ei raiska teiste aega.";"4";"46-60 minutit";"4";"Reguleerimata ülekäigurajad, Lubatud sõidukiirust ületavad juhid";"";"";"Tavaline ja rahulik.";"Minu meelest on kõik päris korras.";""
"29/11/2019 17:16:43";"Tallinna Järveotsa Gümnaasium";"Mees";"7.-9.";"Üle 10 km";"4";"2";"1";"1";"1";"1";"kõige kiirem/turavlisem/mugavam minu jaoks";"1";"1";"5";"1";"1";"1";"1";"Sest minu ja mu vanemate graafikud on erinevad";"3";"möödasõit, Teised juhid.";"31-45 minutit";"Halva ilma korral, Sest kool jääb ema / isa töökoha tee peale (või enamvähem), Siis kui ise palun, et mind viidaks autoga, Kui olen hiljaks jäämas, Sest nii on ohutum";"1";"1";"Varem ärkamine.";"46-60 minutit";"Kui mul vanemaid poleks, Endal lubasid ei oleks ja kui mul on aega/und piisavalt";"2";"rohkem kui 60 minutit";"4";"Halvasti valgustatud tänavad, Suurem oht langeda kuriteo ohvriks, Lubatud sõidukiirust ületavad juhid";"Autodega sõidetakse kooliterritooriumile kus kõnnivad väiksed lapsed.";"Viisakalt peetakse liiklusnõuetest kinni, Lastakse kooli aia taga auotst välja. autoga kooli territooriumile ei trügi";"kõnnin võimalikult vähe teel kus sõidavad autod";"kooliala teha ligipääsetavaks ainult õpetajatel(kiibistiku/numbrimärgiga ligipääs ainult).";""
"29/11/2019 22:35:55";"Tallinna Järveotsa Gümnaasium";"Naine";"4.-6.";"ei oska vastata";"2";"1";"5";"3";"1";"1";"Sest mul on lühike maa koolini";"1";"1";"1";"5";"3";"1";"1";"";"5";"Ei oska";"5-10 minutit";"Halva ilma korral, Siis kui ise palun, et mind viidaks autoga";"3";"3";"Ma käingi ise";"5-10 minutit";"Ma nagunii käin ise";"4";"rohkem kui 60 minutit";"4";"Halvasti valgustatud tänavad, Suurem oht langeda kuriteo ohvriks, Sõidukijuhid sõidavad tihti punase fooritulega ristmikule, mida lapsed peavad ületama, Ülekäigurajal on parkivate sõidukite tõttu nähtavus piiratud, Paljud täiskasvanud näitavad oma liikluskäitumisega lastele halba eeskuju, Lubatud sõidukiirust ületavad juhid";"";"";"Hea";"";