Aeg;Mis koolis k√§id?;Mis on sinu sugu? ;Mitmendas klassis √µpid?;Kui pikk on sinu koolitee?;Kui Tihti s√µidad autoga kooli?;Kui Tihti s√µidad √ºhistranspordiga kooli?;Kui Tihti l√§hed jalgsi kooli?;Kui Tihti s√µidad jalgrattaga kooli?;Kui Tihti l√§hed motoriseeritud kaherattalisega kooli?;Kui Tihti s√µidad ise kooli?;Miks just see vahend kooli minekuks?;Kui tihti tuled autoga koolist?;Kui tihti viiakse autoga kuni √ºhistranspordi peatuseni?;Kui tihti tuled √ºhistranspordiga koolist?;Kui tihti jalgsi koolist?;Kui tihti tuled jalgrattaga koolist?;Kui tihti tuled motoriseeritud kaherattalisega koolist?;Kui tihti s√µidad ise koolist?;Miks just see vahend koolist tulemiseks?;Kui turvaliseks pead kooliteed kui sind viiakse autoga?;Milliseid ohte oskad v√§lja tuua?;Kui palju aega kulub sul tavaliselt autoga kooli / koolist koju minemiseks?;Mis p√µhjustel sind autoga kooli viiakse?;Kui oluliseks pead koolitee valikul m√µju oma tervisele?;Kui oluliseks pead koolitee valikul m√µju keskkonnale?;Mis see sinu jaoks muudaks kui hakkaksid rohkem iseseisvalt koolis k√§ima?;Kui palju aega kulub sul tavaliselt iseseisvalt kooli minemiseks / koolist koju tulemiseks?;Kas ja mis tingimustel sa oleks valmis/n√µus rohkem iseseisvalt koolis k√§ima?;Kui heaks hindad oma liiklusk√§itumist?;Kui palju keskmiselt liigud (√µues / trennid jms) igap√§evaselt?;Kui turvaliseks hindad oma kooliteed kui l√§hed kooli iseseisvalt (jalgsi jalgrattaga √ºhistranspordiga vms)?;Kas kooliteel esineb j√§rgnevaid ohte? M√§rgi k√µik ohud;Milliseid sinu hinnangul ohtlikke liiklussituatsioone oled kooli √ºmbruses liigeldes t√§hele pannud?;Kirjelda lastevanemate liiklusk√§itumist kooli √ºmbruses?;Milline on sinu enda liiklusk√§itumine kooli √ºmbruses?;Kas sinu hinnangul saaks kool midagi kooli √ºmbruse ohutumaks muutmiseks teha?;Milliseid muid lahendusi pakud v√§lja selleks et kooli √ºmbrust ohutumaks muuta?
14.11.2019 13:46;Tallinna J√§rveotsa G√ºmnaasium;Mees;10.-12.;1-5 km;Mitte kunagi;Mitte kunagi;Tihti;Harva;Mitte kunagi;Mitte kunagi;Kool asub l√§hedal ja mulle meeldib k√µndida jala v√µi liikuda jalgrattaga;1;1;1;4;2;1;1;;5;;alla 5 minuti;Siis kui ise palun, et mind viidaks autoga;4;5;K√§in iseseisvalt. V√§ga harva, kui viiakse autoga. ;alla 5 minuti;K√§in iseseisvalt;5;31-45 minutit;5;Minu arvates ei kooliteel mingeid ohte;;;;;
14.11.2019 14:00;Tallinna J√§rveotsa G√ºmnaasium;Naine;7.-9.;5-10 km;Harva;Tihti;Mitte kunagi;Mitte kunagi;Mitte kunagi;Mitte kunagi;Mulle meeldib ise minna;1;1;5;1;1;1;1;;4;avarii v√µi juhtuda;5-10 minutit;Sest kool j√§√§b ema / isa t√∂√∂koha tee peale (v√µi enamv√§hem), Sest nii on ohutum;5;4;Olen hommikul v√§rskem ja keskendun tunnis paremini;21-30 minutit;k√§in niigi;4;rohkem kui 60 minutit;2;Reguleerimata √ºlek√§igurajad+Halvasti valgustatud t√§navad+P√∂√∂ret l√µpetavad juhid ei anna lastele teed+S√µidukijuhid s√µidavad tihti punase fooritulega ristmikule+mida lapsed peavad √ºletama+√úlek√§igurajal on parkivate s√µidukite t√µttu n√§htavus piiratud+Lubatud s√µidukiirust √ºletavad juhid;autod ei pane lapsi t√§hele;kihutavad palju;arvan, et hea;keelata autode juurdep√§√§su kooli juurde;
20.11.2019 22:21;Tallinna J√§rveotsa G√ºmnaasium;Naine;4.-6.;Kuni 1 km;Mitte kunagi;Mitte kunagi;Alati;Harva;Mitte kunagi;Mitte kunagi;Elan koolile v√§ga l√§hedal ,seega on kergem tulla jalgsi.;1;1;1;5;2;1;1;;5;Homikuti on liiklus tihe ja on v√µimalik auto √µnnetusse sattuda.;alla 5 minuti;Mind ei viida autoga kooli.;3;4;Ma k√§in iseseisvalt koolis.;alla 5 minuti;Ma k√§in iseseisvalt koolis.;5;46-60 minutit;5;Lubatud s√µidukiirust √ºletavad juhid;Kiiruspiirangu √ºletamine.;Lapsevanemad on ettevaatlikud.;Olen hoolas ja j√§lgin √ºmbrust.;;
22.11.2019 10:56;Tallinna J√§rveotsa G√ºmnaasium;Mees;10.-12.;5-10 km;Alati;Harva;Mitte kunagi;Mitte kunagi;Mitte kunagi;Mitte kunagi;Mugav;1;1;5;2;1;1;1;;5;Auto avarii;5-10 minutit;Sest kool j√§√§b ema / isa t√∂√∂koha tee peale (v√µi enamv√§hem);1;3;Peaks varem √§rkama;21-30 minutit;Ei ole;5;46-60 minutit;5;Reguleerimata √ºlek√§igurajad+Suurem oht langeda kuriteo ohvriks;;;;;
22.11.2019 10:58;Tallinna J√§rveotsa G√ºmnaasium;Mees;10.-12.;1-5 km;Mitte kunagi;Alati;Mitte kunagi;Mitte kunagi;Mitte kunagi;Mitte kunagi;Kuna mul pole teist valikut;1;1;5;1;1;1;1;;5;;alla 5 minuti;Sest nii on ohutum;3;3;Ma k√§in iseseisvalt koolis juba;5-10 minutit;K√§in juba iseseisvalt;5;31-45 minutit;5;;Ei ole panud midagi t√§hele;V√§ga hea;Hea;Ei saaks;Ei tea
22.11.2019 10:59;Tallinna J√§rveotsa G√ºmnaasium;Mees;10.-12.;ei oska vastata;Mitte kunagi;Alati;Pooltel kordadel nÔøΩdalas;Harva;Mitte kunagi;Mitte kunagi;Parim viis;1;1;5;1;1;1;1;;4;Avarii;11-20 minutit;Ei k√§i autoga;2;3;Ei muudaks v√§ga midagi;31-45 minutit;K√§in juba;3;11-20 minutit;4;√úlek√§igurajal on parkivate s√µidukite t√µttu n√§htavus piiratud;;;;;
22.11.2019 11:00;Tallinna J√§rveotsa G√ºmnaasium;Mees;10.-12.;Kuni 1 km;Mitte kunagi;Tihti;Pooltel kordadel nÔøΩdalas;Mitte kunagi;Mitte kunagi;Mitte kunagi;Et j√µuaks;1;1;4;3;1;1;1;Et saaks kiiremini;5;Lihtsalt lendavad kooli v√§ravatest sisse m√µned autod;5-10 minutit;Halva ilma korral, ei viidagi;1;1;k√§ingi;11-20 minutit;k√§in juba;5;11-20 minutit;1;Reguleerimata √ºlek√§igurajad+Halvasti valgustatud t√§navad+P√∂√∂ret l√µpetavad juhid ei anna lastele teed+V√§ikesed ohutussaared suure liiklusega teel+Suurem oht langeda kuriteo ohvriks+S√µidukijuhid s√µidavad tihti punase fooritulega ristmikule+mida lapsed peavad √ºletama+√úlek√§igurajal on parkivate s√µidukite t√µttu n√§htavus piiratud+Paljud t√§iskasvanud n√§itavad oma liiklusk√§itumisega lastele halba eeskuju+Lubatud s√µidukiirust √ºletavad juhid+Minu arvates ei kooliteel mingeid ohte;;;;;
22.11.2019 11:55;Tallinna J√§rveotsa G√ºmnaasium;Naine;7.-9.;Kuni 1 km;Pooltel kordadel nÔøΩdalas;Pooltel kordadel nÔøΩdalas;Pooltel kordadel nÔøΩdalas;Mitte kunagi;Mitte kunagi;Mitte kunagi;muid pole;3;1;3;3;1;1;1;c;5;ei ole;5-10 minutit;Halva ilma korral, Kui olen hiljaks j√§√§mas;1;1;midagi;11-20 minutit;ei ole tingimusi;5;21-30 minutit;5;Minu arvates ei kooliteel mingeid ohte;ei ole;normaalne;hea;ei tea;ei tea
22.11.2019 11:55;Tallinna J√§rveotsa G√ºmnaasium;Naine;10.-12.;Kuni 1 km;Mitte kunagi;Mitte kunagi;Alati;Pooltel kordadel nÔøΩdalas;Mitte kunagi;Mitte kunagi;Elan v√§ga l√§hedal koolile;1;1;1;1;3;1;1;;3;Hommikuti liigub p√§ris palju autosid  ning isegi jalgsi on ohtlik;alla 5 minuti;Ainult siis, kui koolis on mingi √ºritus ja vanematele j√§√§b see tee vahele;4;5;√ïhkan v√§rket √µhku ja toetan tervist ja f√º√ºsilist aktiivsust;5-10 minutit;Kui oleks v√§hem √µpikuid;4;21-30 minutit;1;Reguleerimata √ºlek√§igurajad+Suurem oht langeda kuriteo ohvriks;Hommikuti parkib kooli ees aiast v√§ljas palju vanemate outosid, seal on v√§ike ristmik, √ºhed s√µidavad ette m√µned teisele poole, pole aru saada kuhu minna ja kuidas auto alla mitte j√§√§da.;Autodege seotud, nad v√µiksid lepsed kaugemal maha j√§tta v√µi kiiremini tegema.;Kodust kooli ja koolist koju;Kooli taga see ristmik on ohtlik paljudele. Ainus tee kus saaks ennast ohust kaugemal hoida on √ºks kitsas porine ja libe rada kus ei taha paljud k√µndida ning peavad k√µndima auto teel. Selle porise raja asemel v√µiks teha normaalse k√µnnitee.;See on k√µik
22.11.2019 12:57;Tallinna J√§rveotsa G√ºmnaasium;Naine;10.-12.;ei oska vastata;Mitte kunagi;Tihti;Mitte kunagi;Mitte kunagi;Tihti;Mitte kunagi;Muud mood ei saa;1;1;4;1;1;4;1;;5;;rohkem kui 60 minutit;ei viida autoga kooli;3;4;ei muudaks palju;rohkem kui 60 minutit;kui rohkem aega on;5;rohkem kui 60 minutit;5;Reguleerimata √ºlek√§igurajad+S√µidukijuhid s√µidavad tihti punase fooritulega ristmikule+mida lapsed peavad √ºletama+Paljud t√§iskasvanud n√§itavad oma liiklusk√§itumisega lastele halba eeskuju+Lubatud s√µidukiirust √ºletavad juhid;;;;;
22.11.2019 13:01;Tallinna J√§rveotsa G√ºmnaasium;Naine;10.-12.;ei oska vastata;Mitte kunagi;Tihti;Mitte kunagi;Mitte kunagi;Tihti;Mitte kunagi;Muud mood ei saa;1;1;4;1;1;4;1;;5;;rohkem kui 60 minutit;ei viida autoga kooli;3;4;ei muudaks palju;rohkem kui 60 minutit;kui rohkem aega on;5;rohkem kui 60 minutit;5;Reguleerimata √ºlek√§igurajad+S√µidukijuhid s√µidavad tihti punase fooritulega ristmikule+mida lapsed peavad √ºletama+Paljud t√§iskasvanud n√§itavad oma liiklusk√§itumisega lastele halba eeskuju+Lubatud s√µidukiirust √ºletavad juhid;;;;;
22.11.2019 13:25;Tallinna J√§rveotsa G√ºmnaasium;Naine;7.-9.;5-10 km;Harva;Tihti;Mitte kunagi;Mitte kunagi;Mitte kunagi;Mitte kunagi;Need on kiired;2;1;5;1;1;1;1;;4;Liiklus avarii ;11-20 minutit;Halva ilma korral, Kui olen hiljaks j√§√§mas;3;2;Juba k√§in. ;21-30 minutit;Ma juba k√§in. ;4;46-60 minutit;3;Reguleerimata √ºlek√§igurajad+Halvasti valgustatud t√§navad+P√∂√∂ret l√µpetavad juhid ei anna lastele teed+Lubatud s√µidukiirust √ºletavad juhid;Purjus autojuht s√µitis inimesi t√§is olevasse bussi peatusesse. ;Ohutu. ;Ei oska vastata. ;Ei. ;
22.11.2019 13:38;Tallinna J√§rveotsa G√ºmnaasium;Naine;7.-9.;Kuni 1 km;Mitte kunagi;Mitte kunagi;Alati;Mitte kunagi;Mitte kunagi;Mitte kunagi;Ma elan v√§ga l√§hedal koolile;1;1;1;5;1;1;1;;5;;alla 5 minuti;Ma k√µnnin;5;5;Ma juba k√§in;alla 5 minuti;Kui kool hakkaks hiljem;5;rohkem kui 60 minutit;5;Minu arvates ei kooliteel mingeid ohte;Kooli sissep√§esu ees s√µidavad autod;;;V√µ√µrad kooli ette ei s√µidaks;
22.11.2019 13:41;Tallinna J√§rveotsa G√ºmnaasium;Naine;7.-9.;5-10 km;Harva;Alati;Mitte kunagi;Mitte kunagi;Mitte kunagi;Mitte kunagi;√úhistransport on k√µige mugavam ja s√§√§stlikuim viis;1;1;5;1;1;1;1;;4;Liiklus √µnnetused, talvel libe tee;21-30 minutit;Kui l√§hen kooli isa juurest, kes elab Tallinnast v√§ljas;4;3;Mitte midagi;31-45 minutit;Kui kodu on ligemal koolile;5;rohkem kui 60 minutit;4;Pean √ºletama pikka √ºlek√§igurada ning vahel auto juhid ei anna teed;;;;;
22.11.2019 13:41;Tallinna J√§rveotsa G√ºmnaasium;Mees;1.-3.;Kuni 1 km;Harva;Mitte kunagi;Alati;Harva;Mitte kunagi;Mitte kunagi;Saan ise minna ;2;1;1;5;2;1;1;Saab jalutada ;5;;11-20 minutit;Halva ilma korral;5;1;K√§in iseseisvalt ;11-20 minutit;K√§in jala koguaeg ;5;rohkem kui 60 minutit;4;Reguleerimata √ºlek√§igurajad+√úlek√§igurajal on parkivate s√µidukite t√µttu n√§htavus piiratud+Paljud t√§iskasvanud n√§itavad oma liiklusk√§itumisega lastele halba eeskuju+Lubatud s√µidukiirust √ºletavad juhid;;;;;
22.11.2019 13:42;Tallinna J√§rveotsa G√ºmnaasium;Naine;7.-9.;√úle 10 km;Alati;Harva;Mitte kunagi;Harva;Mitte kunagi;Mitte kunagi;Kuna see on k√µige mugavam;4;1;5;1;2;1;1;;5;;11-20 minutit;Halva ilma korral, Sest kool j√§√§b ema / isa t√∂√∂koha tee peale (v√µi enamv√§hem);2;2;Peaks varem kodust minema minema;31-45 minutit;Kui kooli hakkaks hiljem, ei peaks nii palju k√§ima, oleks hea ilm, kui koolikott oleks kergem;5;rohkem kui 60 minutit;3;Reguleerimata √ºlek√§igurajad+Halvasti valgustatud t√§navad+Paljud t√§iskasvanud n√§itavad oma liiklusk√§itumisega lastele halba eeskuju+Lubatud s√µidukiirust √ºletavad juhid;Pargitakse valgetes kohtades, ei lasta lapsi √ºle √ºlek√§iguraja, purjus autojuht s√µitis vastu bussipeatust. ;Nad peavad oma lapsed tooma t√§iesti kooli ette kuha ei tohi √ºltse minna. ;Ma olen kindel ;Jah;Mitte lasta lapsevanematel oma lapsi kooli ette viia
22.11.2019 13:47;Tallinna J√§rveotsa G√ºmnaasium;Naine;7.-9.;1-5 km;Pooltel kordadel nÔøΩdalas;Tihti;Alati;Mitte kunagi;Mitte kunagi;Mitte kunagi;Mul pole valikut;2;1;4;4;1;1;1;mdea;5;s√ºdamerabandus;5-10 minutit;Siis kui ise palun, et mind viidaks autoga;1;1;ei tea;5-10 minutit;ma k√§in juba;5;rohkem kui 60 minutit;3;√úlek√§igurajal on parkivate s√µidukite t√µttu n√§htavus piiratud;ma ei pane t√§hele;normaalne;hea;ei;laske maximas k√§ija 
22.11.2019 13:49;Tallinna J√§rveotsa G√ºmnaasium;Mees;7.-9.;Kuni 1 km;Mitte kunagi;Mitte kunagi;Alati;Mitte kunagi;Mitte kunagi;Mitte kunagi;Sest ma elen siin l√§hedal;1;1;1;5;1;1;1;;5;Autod;alla 5 minuti;Mind ei viida;1;3;Mitte midagi;alla 5 minuti;K;5;rohkem kui 60 minutit;5;;Autosid;;Hea;Ei;Ei
22.11.2019 13:51;Tallinna J√§rveotsa G√ºmnaasium;Naine;1.-3.;√úle 10 km;Mitte kunagi;Alati;Alati;Mitte kunagi;Mitte kunagi;Mitte kunagi;Tahan ise liikuda, lihtsam;1;1;5;5;1;1;1;Lihtsam;5;Ei olegi;11-20 minutit;Halva ilma korral, Kui olen hiljaks j√§√§mas;5;5;Ei muuda midagi, k√§in ise;46-60 minutit;K√§in ise;5;rohkem kui 60 minutit;5;Halvasti valgustatud t√§navad;Bussi tagant jooksmine, telefonis olemine, √ºle tee jooksmine;Hea;Hea;Ei tea;Ei tea
22.11.2019 14:53;Tallinna J√§rveotsa G√ºmnaasium;Mees;7.-9.;Kuni 1 km;Mitte kunagi;Mitte kunagi;Alati;Mitte kunagi;Mitte kunagi;Mitte kunagi;See v√µtab k√µige v√§hem aega;5;1;1;5;1;1;1;K√µige kiirem viis;5;;alla 5 minuti;Mind ei viida autoga;1;1;Ei midagi juba k√§in iseseisvalt;5-10 minutit;Juba k√§in iseseisvalt;5;31-45 minutit;5;;Autod v√µivad kooli ukse ja v√§rava sissep√§√§su vahele tulla ;H√§sti ;V√§ga hea;Teha mingi jalak√§ijate tee kooli v√§ravast sissep√§√§su juurde;Rohkem pole midagi 
22.11.2019 14:58;Tallinna J√§rveotsa G√ºmnaasium;Naine;10.-12.;√úle 10 km;Alati;Harva;Mitte kunagi;Mitte kunagi;Mitte kunagi;Mitte kunagi;Elan nii kaugel et ei v√µimalda minna muuga kui autoga;2;1;5;1;1;1;1;Vanemad l√µpetavad erineval ajal ja on kiirem minna √ºhistranspordiga;3;Harku ristmikul v√µiks olla √ºks lisarada ja kiirendusrada √ïism√§e poole et teele s√µit oleks kiirem ja ohutum;31-45 minutit;Halva ilma korral, Kui olen hiljaks j√§√§mas, Kui olen on hommikul v√§ga v√§sinud, Sest nii on ohutum, Nii on kiirem;2;2;Varem √§rkamine ja liiklusega arvestamine;rohkem kui 60 minutit;Kui kool oleks l√§hemal;5;rohkem kui 60 minutit;4;Reguleerimata √ºlek√§igurajad+Halvasti valgustatud t√§navad+√úlek√§igurajal on parkivate s√µidukite t√µttu n√§htavus piiratud+Paljud t√§iskasvanud n√§itavad oma liiklusk√§itumisega lastele halba eeskuju+Lubatud s√µidukiirust √ºletavad juhid;Koolihoovi sisses√µit. V√§ike-√µism√§e poe parkla;Isekas. Koolihoovi sisses√µidu √ºmbrus on tihti ummikus kuna maja elanikud tagurdavad v√§lj ja paljud vanemad ei tea liiklusreegleid sellistes olukordades;T√§helepanelik ;Jah, parem ligip√§√§setavus koolihoovi ja selle √ºmbruses;
22.11.2019 16:20;Tallinna J√§rveotsa G√ºmnaasium;Mees;7.-9.;√úle 10 km;Alati;Mitte kunagi;Mitte kunagi;Mitte kunagi;Mitte kunagi;Mitte kunagi;Kuna tee koolini on liiga pikk ja √ºhistranspordi valikuid on v√§he.;4;1;3;1;1;1;1;M√µni kord saan koju minna koos vennaga autoga, m√µni kord pean v√§heste bussidega, mis viivad mind koju. Ma elan liiga kaugel linnast.;5;;21-30 minutit;Kuna tee kooli on liiga pikk ja bussid ei k√§i hommikul minu kodu kohas.;5;5;Ma peaksin varem hommikul √§rkama, et saada k√µige varemate busside peale.;21-30 minutit;Kui rohkem busse s√µidaks minu kodu juurest l√§bi.;5;5-10 minutit;5;Suurem oht langeda kuriteo ohvriks+Paljud t√§iskasvanud n√§itavad oma liiklusk√§itumisega lastele halba eeskuju+Lubatud s√µidukiirust √ºletavad juhid;;Hea.;P√§ris hea liiklusk√§itumine.;;
22.11.2019 16:49;Tallinna J√§rveotsa G√ºmnaasium;Naine;1.-3.;5-10 km;Tihti;Harva;Mitte kunagi;Mitte kunagi;Mitte kunagi;Mitte kunagi;isa t√∂√∂tab kooli l√§hedal;1;1;5;1;1;1;1;;4;v√µib juhtuda avarii;5-10 minutit;Sest kool j√§√§b ema / isa t√∂√∂koha tee peale (v√µi enamv√§hem);4;5;mul l√§heb kauem aega;31-45 minutit;kui me elaksime koolile l√§hemal;4;21-30 minutit;4;Reguleerimata √ºlek√§igurajad+Halvasti valgustatud t√§navad+Paljud t√§iskasvanud n√§itavad oma liiklusk√§itumisega lastele halba eeskuju+Lubatud s√µidukiirust √ºletavad juhid;;;;;
22.11.2019 18:15;Tallinna J√§rveotsa G√ºmnaasium;Naine;1.-3.;1-5 km;Harva;Alati;Mitte kunagi;Mitte kunagi;Mitte kunagi;Mitte kunagi;Mugav;2;1;5;1;1;1;1;Mugav;5;Teine auto s√µidab sisse;5-10 minutit;Halva ilma korral, Siis kui ise palun, et mind viidaks autoga, Kui olen hiljaks j√§√§mas, Kui olen on hommikul v√§ga v√§sinud, Sest nii on ohutum;4;3;P√µmevam;21-30 minutit;K√µik on olemas;3;21-30 minutit;5;Reguleerimata √ºlek√§igurajad+P√∂√∂ret l√µpetavad juhid ei anna lastele teed+Suurem oht langeda kuriteo ohvriks;Surnud lind t√§naval;Normaalne;Ilusti, ei jookse;Rohkem valgust;Lastele eraldi tee
22.11.2019 19:16;Tallinna J√§rveotsa G√ºmnaasium;Mees;7.-9.;5-10 km;Alati;Harva;Mitte kunagi;Mitte kunagi;Mitte kunagi;Mitte kunagi;Mugavam ja kiireim;1;1;5;1;1;1;1;Muid viise pole;5;;21-30 minutit;Sest kool j√§√§b ema / isa t√∂√∂koha tee peale (v√µi enamv√§hem);2;4;Mitte midagi;21-30 minutit;Kui vanematel ei ole aega;5;rohkem kui 60 minutit;5;Reguleerimata √ºlek√§igurajad+V√§ikesed ohutussaared suure liiklusega teel;;;;;
22.11.2019 20:34;Tallinna J√§rveotsa G√ºmnaasium;Mees;10.-12.;5-10 km;Harva;Harva;Harva;Pooltel kordadel nÔøΩdalas;Pooltel kordadel nÔøΩdalas;Mitte kunagi;Minule sobivad;2;1;2;2;3;4;1;;4;M√§rjad teed ja kooli territooriumile sisenemine.;5-10 minutit;Halva ilma korral, Siis kui ise palun, et mind viidaks autoga;5;3;Juba k√§in iseseisvalt koolis;5-10 minutit;Juba k√§in;5;rohkem kui 60 minutit;4;Kooliterritooriumisse sisenemisel+v√§rava koht;Kooli v√§raval mootorrattaga sisenemisel.;Keelum√§rgi juures kujunevad tihti ummikud.;V√§ga hea;V√§rava sissep√§√§su nurga avamine v√µi paremini n√§htavaks teha.;
22.11.2019 22:29;Tallinna J√§rveotsa G√ºmnaasium;Mees;7.-9.;1-5 km;Harva;Alati;Mitte kunagi;Mitte kunagi;Mitte kunagi;Mitte kunagi;Sest vanemad t√∂√∂tavad ning nad ei saa meid viia;2;1;1;5;1;1;1;Tagasi minnes ma l√§hen vanaemale k√ºlla. Tema kodu asub kooli l√§heduses umbes 300-400m;5;Avarii;5-10 minutit;Mind viiakse autoga siis kui on mingi √ºritus mille t√µttu on lihtsam k√µike teha;2;1;Ma k√§in iseseisvalt ja ei tea mida vastata, sest see on igap√§evane elu;11-20 minutit;"K√ºsimisele ""kas"" ma vastan ""jah""";5;11-20 minutit;5;Reguleerimata √ºlek√§igurajad+Minu arvates ei kooliteel mingeid ohte;Hommikuti kui √µpetajad ja lastevanemad s√µidavad kooli siis on tee kinni auto juhtidele;Paljud lastevanemad s√µidavad kooli teritooriumile, mis pole lubatud hommikuti;Ma vaatan ja kuulan kust tulevad autod ;Pole vastust;Pole vastust
22.11.2019 23:15;Tallinna J√§rveotsa G√ºmnaasium;Naine;7.-9.;1-5 km;Tihti;Harva;Mitte kunagi;Mitte kunagi;Mitte kunagi;Mitte kunagi;Nii on lihtsam;2;1;4;1;1;1;1;Sest mulle ei tulda autoga j√§rgi alati ja on ka m√µnus bussipeatusest koju jalutada;5;;5-10 minutit;Sest kool j√§√§b ema / isa t√∂√∂koha tee peale (v√µi enamv√§hem), Kui olen hiljaks j√§√§mas;1;1;Ma poleks koolis nii v√§sinud kuna jalutasin rohkem √µues enne tunde;11-20 minutit;Jah, kui mu s√µbrad elaksid l√§hedamal ja saaksin koos nendega kooli minna;4;46-60 minutit;4;Reguleerimata √ºlek√§igurajad+P√∂√∂ret l√µpetavad juhid ei anna lastele teed+√úlek√§igurajal on parkivate s√µidukite t√µttu n√§htavus piiratud+Lubatud s√µidukiirust √ºletavad juhid;√úletee jooksmine punase tulega;Hea, j√§lgitajse liiklusreegleid;Hea;Pole kindel;Pole kindel 
22.11.2019 23:35;Tallinna J√§rveotsa G√ºmnaasium;Mees;7.-9.;Kuni 1 km;Mitte kunagi;Tihti;Harva;Mitte kunagi;Mitte kunagi;Mitte kunagi;ma olen paks;1;1;4;2;1;1;1;ma olen paks;4;surm ;alla 5 minuti;kui ma teiseks tunniks l√§hen ;1;1;ma l√§hengi;alla 5 minuti;k√§ingi;5;rohkem kui 60 minutit;1;Reguleerimata √ºlek√§igurajad+Halvasti valgustatud t√§navad+V√§ikesed ohutussaared suure liiklusega teel+Suurem oht langeda kuriteo ohvriks+Lubatud s√µidukiirust √ºletavad juhid;ma ei julge √∂elda;ma ei ole pervert ;√µudne;FBI;FBI
22.11.2019 23:39;Tallinna J√§rveotsa G√ºmnaasium;Naine;1.-3.;1-5 km;Tihti;Harva;Mitte kunagi;Mitte kunagi;Mitte kunagi;Mitte kunagi;Eelistan turvalist kooliteed/koduteed;4;1;2;1;1;1;1;See on turvalisem;5;Mitte √ºhtegi;11-20 minutit;Halva ilma korral, Siis kui ise palun, et mind viidaks autoga, Kui olen hiljaks j√§√§mas, Kui olen on hommikul v√§ga v√§sinud, Sest nii on ohutum;4;4;Peaksin varem √ºles t√µusma;11-20 minutit;Kui minu autotee oleks fooristatud;5;rohkem kui 60 minutit;2;Reguleerimata √ºlek√§igurajad+P√∂√∂ret l√µpetavad juhid ei anna lastele teed+V√§ikesed ohutussaared suure liiklusega teel+Suurem oht langeda kuriteo ohvriks+√úlek√§igurajal on parkivate s√µidukite t√µttu n√§htavus piiratud+Paljud t√§iskasvanud n√§itavad oma liiklusk√§itumisega lastele halba eeskuju+Lubatud s√µidukiirust √ºletavad juhid;Teed ei ole valgustatud ja valgusfoore ei ole;Rikuvad reegleid;Kui autoga tulen palun oma vanemal v√§rava juures peatuda ja ise edasi k√µndida;Politsei auto poolse aia taha kutsuda;Lapsed v√µiksid rohkem jalgsi k√§ia ja bussiga s√µita 
23.11.2019 10:12;Tallinna J√§rveotsa G√ºmnaasium;Naine;7.-9.;ei oska vastata;Mitte kunagi;Mitte kunagi;Alati;Mitte kunagi;Mitte kunagi;Mitte kunagi;Sest see on minu jaoks k√µige sobivam;1;1;4;3;1;1;1;Kuna peale kooli olen liiga v√§sinud ning l√§hen transpordiga;3;Auto avarii ;alla 5 minuti;Mind ei viida autoga kooli ;3;4;K√§ingi iseseisvalt;5-10 minutit;Tingimustel et auto eristsb loodusele kahjulikke gaase;4;rohkem kui 60 minutit;4;Halvasti valgustatud t√§navad+Suurem oht langeda kuriteo ohvriks+√úlek√§igurajal on parkivate s√µidukite t√µttu n√§htavus piiratud;;;;;
23.11.2019 13:53;Tallinna J√§rveotsa G√ºmnaasium;Mees;7.-9.;√úle 10 km;Alati;Mitte kunagi;Mitte kunagi;Mitte kunagi;Mitte kunagi;Mitte kunagi;Sest mul vanematele j√§√§b mu kool tee peale, kui nad hommikul kooli l√§hevad.;3;1;3;1;1;1;1;Muid v√µimalusi pole.;5;;11-20 minutit;Sest kool j√§√§b ema / isa t√∂√∂koha tee peale (v√µi enamv√§hem);1;3;Ma peaksin varem √§rkama ja see oleks t√ºlikas ning m√µtetu;31-45 minutit;Kui bussipeatuseni oleks l√ºgem maa (kodust);5;rohkem kui 60 minutit;5;;;;;;
23.11.2019 14:57;Tallinna J√§rveotsa G√ºmnaasium;Naine;4.-6.;5-10 km;Mitte kunagi;Alati;Mitte kunagi;Harva;Mitte kunagi;Mitte kunagi;Sest meil ei ole autot. ;1;1;5;2;2;1;1;;3;;11-20 minutit;Mind ei viiakse autoga kooli, sest meil pole autot. ;2;4;Ma k√§ingi ise koolis;11-20 minutit;Ma k√§ingi ise koolis. ;5;rohkem kui 60 minutit;4;Minu arvates ei kooliteel mingeid ohte;Pole midagi m√§rganud. ;Ma ei tavaliselt ei pane t√§hele. ;Ma arvan, et k√§itun h√§sti. ;Ma arvan, et v√µiks panna m√µned m√§rgid selleks, et m√µned vanemad ei s√µidaks kooli ette. ;Rohkem ma ei tea. 
23.11.2019 20:45;Tallinna J√§rveotsa G√ºmnaasium;Naine;1.-3.;Kuni 1 km;Harva;Alati;Harva;Harva;Mitte kunagi;Mitte kunagi;Bussiga on tore minna.;2;1;5;2;2;1;1;;4;;alla 5 minuti;Halva ilma korral, Siis kui ise palun, et mind viidaks autoga, Kui olen hiljaks j√§√§mas;5;5;Liigun rohkem.;5-10 minutit;Hea ilma korral.;4;46-60 minutit;3;Reguleerimata √ºlek√§igurajad+P√∂√∂ret l√µpetavad juhid ei anna lastele teed+√úlek√§igurajal on parkivate s√µidukite t√µttu n√§htavus piiratud+Paljud t√§iskasvanud n√§itavad oma liiklusk√§itumisega lastele halba eeskuju+Lubatud s√µidukiirust √ºletavad juhid;Palju autosid.;Hommikul k√µik kiirustavad.;;V√§hem autosid kooli juures.;
23.11.2019 21:24;Tallinna J√§rveotsa G√ºmnaasium;Naine;7.-9.;5-10 km;Tihti;Harva;Mitte kunagi;Mitte kunagi;Mitte kunagi;Mitte kunagi;Sest bussi ei l√§he sobival ajal.;2;1;4;1;1;1;1;;5;;11-20 minutit;Sest kool j√§√§b ema / isa t√∂√∂koha tee peale (v√µi enamv√§hem), Kui olen hiljaks j√§√§mas;3;3;Midagi ei muudaks;11-20 minutit;Kui ilm on parem.;4;46-60 minutit;4;Reguleerimata √ºlek√§igurajad+Lubatud s√µidukiirust √ºletavad juhid;;;;;
24.11.2019 02:26;Tallinna J√§rveotsa G√ºmnaasium;Mees;10.-12.;Kuni 1 km;Mitte kunagi;Mitte kunagi;Alati;Mitte kunagi;Mitte kunagi;Mitte kunagi;Nii on lihtsaim ja mugavaim minu jaoks;1;1;1;5;1;1;1;;5;;alla 5 minuti;Siis kui ise palun, et mind viidaks autoga;3;2;Saaksin rohkem iseseisvaks;5-10 minutit;Siis, kui saan;4;rohkem kui 60 minutit;5;;Bussi peatuse juures on ebaadekvaatseid autojuhte;Korralik;Nagu ikka, enda arust korralik;K√µik on juba nii hea, kui olla saab;
24.11.2019 08:38;Tallinna J√§rveotsa G√ºmnaasium;Naine;7.-9.;1-5 km;Mitte kunagi;Mitte kunagi;Alati;Mitte kunagi;Mitte kunagi;Mitte kunagi;sest ma elan l√§hedal;1;1;1;5;1;1;1;;5;;alla 5 minuti;ei viiakse;3;3;k√§ingi iseseisvalt kooli;5-10 minutit;ilma tingimuteta;5;rohkem kui 60 minutit;4;Reguleerimata √ºlek√§igurajad+Halvasti valgustatud t√§navad;;;;;
24.11.2019 13:40;Tallinna J√§rveotsa G√ºmnaasium;Mees;7.-9.;5-10 km;Alati;Mitte kunagi;Mitte kunagi;Mitte kunagi;Mitte kunagi;Mitte kunagi;Kuna isal j√§√§b kool tee peale;2;1;4;1;1;1;1;Kui tulen hiljem koolist tuleb vanem j√§rgi vahest kuid tavaliselt l√§hen koju √ºhistranspordiga;5;;11-20 minutit;Sest kool j√§√§b ema / isa t√∂√∂koha tee peale (v√µi enamv√§hem);5;5;Oleks koolitee v√§hem turvaline, l√§heks kauem kooli, oleks suurem v√µimalus j√§√§da haigeks;31-45 minutit;EI olegi;4;rohkem kui 60 minutit;3;Reguleerimata √ºlek√§igurajad+Halvasti valgustatud t√§navad+P√∂√∂ret l√µpetavad juhid ei anna lastele teed+Lubatud s√µidukiirust √ºletavad juhid;Kooli hoovi s√µidavad autod;Kooli hoovi s√µidavad autod;Olen t√§helepanelik;Kooli v√µiks minna k√µnnitee ja jalak√§iate sissek√§ik peaks olema eraldi autode sissek√§igust;Rohkem valgustust ja r√µhkem k√µnniteid
24.11.2019 14:39;Tallinna J√§rveotsa G√ºmnaasium;Naine;10.-12.;1-5 km;Mitte kunagi;Alati;Alati;Mitte kunagi;Mitte kunagi;Mitte kunagi;Pole teist valikut;1;1;5;5;1;1;1;;4;;11-20 minutit;Ei viida;1;1;Midagi, k√§in koguaeg ise ;11-20 minutit;K√§in koguaeg ise ;5;11-20 minutit;4;Reguleerimata √ºlek√§igurajad+Halvasti valgustatud t√§navad+P√∂√∂ret l√µpetavad juhid ei anna lastele teed+Suurem oht langeda kuriteo ohvriks+Paljud t√§iskasvanud n√§itavad oma liiklusk√§itumisega lastele halba eeskuju;;;;;
24.11.2019 16:53;Tallinna J√§rveotsa G√ºmnaasium;Naine;7.-9.;1-5 km;Harva;Mitte kunagi;Alati;Mitte kunagi;Mitte kunagi;Mitte kunagi;mul on l√ºhike tee;2;1;2;5;1;1;1;;5;avarii;alla 5 minuti;Halva ilma korral, Sest kool j√§√§b ema / isa t√∂√∂koha tee peale (v√µi enamv√§hem);3;3;ma k√§ingi iseseisvalt koolis;11-20 minutit;ma k√§in koguaeg iseseisvalt;4;31-45 minutit;5;Minu arvates ei kooliteel mingeid ohte;ei olegi;;;midagi;ohutu on juba piisavalt
24.11.2019 18:15;Tallinna J√§rveotsa G√ºmnaasium;Mees;7.-9.;ei oska vastata;Harva;Alati;Harva;Harva;Mitte kunagi;Mitte kunagi;Sest muid viise pole;1;1;5;3;2;1;1;;5;;5-10 minutit;Siis kui esimene tund √§ra j√§√§b;3;3;Mitte midagi;5-10 minutit;Kui kiiremini kooli j√µuaks;3;5-10 minutit;4;Minu arvates ei kooliteel mingeid ohte;;;;;
24.11.2019 18:56;Tallinna J√§rveotsa G√ºmnaasium;Mees;1.-3.;Kuni 1 km;Mitte kunagi;Mitte kunagi;Alati;Mitte kunagi;Mitte kunagi;Mitte kunagi;Elan kooli l√§hedal. ;1;1;1;5;1;1;1;Elan kooli l√§hedal. ;5;Ei tooda autoga kooli. ;alla 5 minuti;Ei viida autoga kooli. ;5;5;K√§in. ;5-10 minutit;K√§in. ;4;rohkem kui 60 minutit;3;Reguleerimata √ºlek√§igurajad+Lubatud s√µidukiirust √ºletavad juhid;Ei tea. ;Ei oska. ;Ettevaatlik. ;Ei tea. ;Ei oska. 
24.11.2019 22:01;Tallinna J√§rveotsa G√ºmnaasium;Mees;10.-12.;√úle 10 km;Harva;Tihti;Mitte kunagi;Mitte kunagi;Mitte kunagi;Harva;Kiire;1;1;5;1;1;1;1;Kiire;5;Ummikud;5-10 minutit;Halva ilma korral, Sest kool j√§√§b ema / isa t√∂√∂koha tee peale (v√µi enamv√§hem), Siis kui ise palun, et mind viidaks autoga, Kui olen hiljaks j√§√§mas, Kui olen on hommikul v√§ga v√§sinud;1;1;Ei raiska vanemate aega.;31-45 minutit;Mul pole vahet;5;46-60 minutit;5;Reguleerimata √ºlek√§igurajad+Halvasti valgustatud t√§navad+P√∂√∂ret l√µpetavad juhid ei anna lastele teed+V√§ikesed ohutussaared suure liiklusega teel+Suurem oht langeda kuriteo ohvriks+Paljud t√§iskasvanud n√§itavad oma liiklusk√§itumisega lastele halba eeskuju+Lubatud s√µidukiirust √ºletavad juhid;Ei peatu k√µndjale ;Okey;V√§ga hea;Ei;Rohkem valgusti(m√µnes kohas on pime)
25.11.2019 09:51;Tallinna J√§rveotsa G√ºmnaasium;Mees;7.-9.;1-5 km;Pooltel kordadel nÔøΩdalas;Tihti;Mitte kunagi;Mitte kunagi;Mitte kunagi;Mitte kunagi;Sest mu ema ei saa autoga viia;1;1;5;1;1;1;1;See on k√µige kiirem. ;5;Ei oskagi;11-20 minutit;Sest kool j√§√§b ema / isa t√∂√∂koha tee peale (v√µi enamv√§hem), Kui nad l√§hvad t√∂√∂le samal ajal kui mina kooli;1;2;Ei muudaks √ºldse;11-20 minutit;Ma k√§in juba;5;21-30 minutit;4;Minu arvates ei kooliteel mingeid ohte;Polegi;Hea, ettevaatlik;Hea, minu arvates;Ei;Ei
25.11.2019 12:58;Tallinna J√§rveotsa G√ºmnaasium;Mees;7.-9.;√úle 10 km;Mitte kunagi;Alati;Mitte kunagi;Mitte kunagi;Mitte kunagi;Mitte kunagi;Muud v√µimalust pole;2;1;5;3;1;1;1;Pean;5;Ei oska;31-45 minutit;Mind viiakse autoga √ºhistranspordi peatuseni, sest sinna on pikk maa;3;3;Midagi;31-45 minutit;Ei;3;46-60 minutit;3;Reguleerimata √ºlek√§igurajad+Halvasti valgustatud t√§navad+Lubatud s√µidukiirust √ºletavad juhid;Ei;S√µidavad sinna kuhu ei tohi s√µita;Hea;Ei tea;Ei
25.11.2019 13:04;Tallinna J√§rveotsa G√ºmnaasium;Naine;7.-9.;1-5 km;Mitte kunagi;Harva;Tihti;Mitte kunagi;Mitte kunagi;Mitte kunagi;Mulle meeldib rohkem liikuda ning v√§rskes √µhus viibida;1;1;3;5;1;1;1;;5;(Mina ei n√§egi ohte, kuna s√µit v√µtab 3 minutit);alla 5 minuti;Kui olen hiljaks j√§√§mas;4;2;See rahustaks mind ning annab v√µimaluse olla vaikuses enne/p√§rast kooli;11-20 minutit;Kui ilm oleks soojem ning kuiv(ilma vihmata);4;46-60 minutit;4;Halvasti valgustatud t√§navad;Talvel on v√§ike lium√§gi kooliv√§ravate vahel ning p√§ris tihti √µpilased kukuvad;;;;
25.11.2019 13:47;Tallinna J√§rveotsa G√ºmnaasium;Naine;7.-9.;Kuni 1 km;Mitte kunagi;Mitte kunagi;Pooltel kordadel nÔøΩdalas;Tihti;Mitte kunagi;Mitte kunagi;Mulle meeldivad jalgrattad aga talvel ei saa jalgrattaga s√µita;1;1;3;4;4;1;1;Sellep√§rast et see on nii;2;Kui keegi sisse s√µidab;5-10 minutit;Ei viidagi;1;4;ma k√§in iseseisvalt koolis;5-10 minutit;Ma k√§in iseseisvalt koolis;3;21-30 minutit;4;Kui ma jalgrattaga kellegile otsa s√µidan;Autojuhid ei tee vahel vahet s√µiduteel ja jalak√§ijateteel;Ma pole n√§inud aga pakkun et n√§rviline;Normaline;Pole ruumi et midagi muuta;Polegi lahendust
25.11.2019 15:12;Tallinna J√§rveotsa G√ºmnaasium;Naine;10.-12.;Kuni 1 km;Mitte kunagi;Mitte kunagi;Alati;Mitte kunagi;Mitte kunagi;Mitte kunagi;Ma elan liiga l√§hedal koolile, et oma aega ja raha raisata muu viisi peale.;1;1;1;5;1;1;1;;3;No tegu on tallinnaga.;alla 5 minuti;Ei viida ju?;1;1;Absoluutselt mitte midagi;5-10 minutit;Ma k√§ingi iseseisvalt koolis;5;46-60 minutit;3;;;;;;
25.11.2019 15:26;Tallinna J√§rveotsa G√ºmnaasium;Naine;1.-3.;√úle 10 km;Alati;Mitte kunagi;Mitte kunagi;Mitte kunagi;Mitte kunagi;Mitte kunagi;turvalisem ja kiirem;2;1;4;1;1;1;1;tulen koos vanema vennaga;4;teised autod;11-20 minutit;Sest kool j√§√§b ema / isa t√∂√∂koha tee peale (v√µi enamv√§hem);5;3;varsti hakkangi;31-45 minutit;bussiajad;3;rohkem kui 60 minutit;4;Reguleerimata √ºlek√§igurajad+P√∂√∂ret l√µpetavad juhid ei anna lastele teed+√úlek√§igurajal on parkivate s√µidukite t√µttu n√§htavus piiratud;;;;;
25.11.2019 17:15;Tallinna J√§rveotsa G√ºmnaasium;Naine;7.-9.;5-10 km;Harva;Alati;Mitte kunagi;Mitte kunagi;Mitte kunagi;Mitte kunagi;Bussiga s√µites on k√µige mugavam;2;1;5;1;1;1;1;Bussiga s√µites on k√µige mugavam ning kiirem viis;5;;11-20 minutit;Halva ilma korral, Kui olen hiljaks j√§√§mas;5;4;Ma k√§in niigi kooli iseseisvalt;11-20 minutit;Ma k√§in koolis niigi iseseisvalt ;5;31-45 minutit;5;Reguleerimata √ºlek√§igurajad+Halvasti valgustatud t√§navad+P√∂√∂ret l√µpetavad juhid ei anna lastele teed+S√µidukijuhid s√µidavad tihti punase fooritulega ristmikule+mida lapsed peavad √ºletama+√úlek√§igurajal on parkivate s√µidukite t√µttu n√§htavus piiratud;Mitte midagi ohtlikut;Mitte midagi erilist;Ohutu;Ei;Mingeid muid lahendusi ei olegi
25.11.2019 17:16;Tallinna J√§rveotsa G√ºmnaasium;Mees;4.-6.;Kuni 1 km;Mitte kunagi;Mitte kunagi;Tihti;Pooltel kordadel nÔøΩdalas;Mitte kunagi;Mitte kunagi;Sest, mu kooli tee on l√ºhike.;1;1;1;4;3;1;1;...;4;Autoga v√µib kokku p√µrgata.;alla 5 minuti;Mind ei viida autoga kooli.;4;1;Ma k√§ingi jalksi/t√µuksiga koolis;5-10 minutit;Ma k√§ingi ise KOOLIS.;4;rohkem kui 60 minutit;4;Reguleerimata √ºlek√§igurajad+Minu arvates ei kooliteel mingeid ohte;√úhte.;...;Eeskujulik.;...;Valgusfoorid.
25.11.2019 17:31;Tallinna J√§rveotsa G√ºmnaasium;Naine;7.-9.;Kuni 1 km;Harva;Alati;Harva;Mitte kunagi;Mitte kunagi;Mitte kunagi;Nii on kiirem.;2;1;3;4;1;1;1;Nii on kiirem.;5;Autoavarii;alla 5 minuti;Sest kool j√§√§b ema / isa t√∂√∂koha tee peale (v√µi enamv√§hem), Kui pean arsti juurde minema.;2;3;Mitte midagi, sest ma juba k√§in iseseisvalt koolis k√§in.;11-20 minutit;Ma niikuinii k√§in koolis iseseisvalt.;4;46-60 minutit;5;Minu arvates ei kooliteel mingeid ohte;Pole midagi t√§hele pannu.;;;Ei, ei saaks;Mitte mingisuguseid.
25.11.2019 17:34;Tallinna J√§rveotsa G√ºmnaasium;Naine;7.-9.;5-10 km;Harva;Tihti;Mitte kunagi;Mitte kunagi;Mitte kunagi;Mitte kunagi;Sest soovin bussiga liigelda ning vanemate elu lihtsamaks teha;1;1;5;1;1;1;1;;4;Kokku p√µrked.;11-20 minutit;Halva ilma korral, Siis kui ise palun, et mind viidaks autoga;3;2;Mitte midagi erilist;11-20 minutit;Olen juba praegu n√µus.;4;31-45 minutit;4;Reguleerimata √ºlek√§igurajad+Lubatud s√µidukiirust √ºletavad juhid;;Osad vanemad on stressis ning m√µtlematud;;Ei;Kool annab helkureid neile kes vajaksid
25.11.2019 17:45;Tallinna J√§rveotsa G√ºmnaasium;Naine;7.-9.;1-5 km;Alati;Mitte kunagi;Mitte kunagi;Mitte kunagi;Mitte kunagi;Mitte kunagi;On mugavam;1;1;5;1;1;1;1;Muidu ei saa koju;5;Teised autod;11-20 minutit;Kuna ma ei raatsi ise bussiga minna;1;1;Oleksin rohkem v√§sinud;21-30 minutit;Kui kool algaks hiljem;4;rohkem kui 60 minutit;4;Reguleerimata √ºlek√§igurajad+Halvasti valgustatud t√§navad+V√§ikesed ohutussaared suure liiklusega teel+√úlek√§igurajal on parkivate s√µidukite t√µttu n√§htavus piiratud;Ohtlik √ºlek√§igurada, ohtlik parkla;Normaalne;Perfektne;Ei tea;Ei tea
25.11.2019 17:57;Tallinna J√§rveotsa G√ºmnaasium;Naine;10.-12.;Kuni 1 km;Mitte kunagi;Mitte kunagi;Alati;Mitte kunagi;Mitte kunagi;Mitte kunagi;Sest ma elan koolile nii l√§hedal ja muu oleks m√µtetu.;1;1;1;5;1;1;1;;5;;alla 5 minuti;Mind ei viida autoga kooli;1;3;Ma k√§in!;alla 5 minuti;Ma k√§in iga p√§ev ise!;5;31-45 minutit;5;Minu arvates ei kooliteel mingeid ohte;;Korralik.;Korralik.;Ei.;
25.11.2019 18:04;Tallinna J√§rveotsa G√ºmnaasium;Mees;10.-12.;√úle 10 km;Alati;Harva;Mitte kunagi;Mitte kunagi;Harva;Mitte kunagi;Vanem liigub samal ajal linna t√∂√∂le, liiga pikk maa k√µndimiseks v√µi rattaga s√µitmiseks, √ºhistranspordiga minekuks tuleb liiga vara √§rgata.;2;1;5;1;1;2;1;Pikk maa jalgsi ja rattaga minekuks, √ºhistransport liigub tihedamini. ;4;Avariid, s√µidukite t√µrked;21-30 minutit;Sest kool j√§√§b ema / isa t√∂√∂koha tee peale (v√µi enamv√§hem);3;4;Peaksin mitu tundi varem √§rkama, et √ºhistranspordile j√µuda. ;46-60 minutit;S√µidan ise autoga;5;31-45 minutit;3;Reguleerimata √ºlek√§igurajad+Halvasti valgustatud t√§navad+P√∂√∂ret l√µpetavad juhid ei anna lastele teed+Lubatud s√µidukiirust √ºletavad juhid;;;;;
25.11.2019 18:12;Tallinna J√§rveotsa G√ºmnaasium;Naine;7.-9.;1-5 km;Harva;Tihti;Mitte kunagi;Mitte kunagi;Mitte kunagi;Mitte kunagi;Mugavaim viis;1;1;5;2;1;1;1;Lihtsaim;5;;5-10 minutit;Sest kool j√§√§b ema / isa t√∂√∂koha tee peale (v√µi enamv√§hem), Kui olen hiljaks j√§√§mas;3;3;Rohkem aega l√§heks;46-60 minutit;Ei tea;5;11-20 minutit;5;S√µidukijuhid s√µidavad tihti punase fooritulega ristmikule+mida lapsed peavad √ºletama+Paljud t√§iskasvanud n√§itavad oma liiklusk√§itumisega lastele halba eeskuju+Lubatud s√µidukiirust √ºletavad juhid;Kiiruse √ºletamist;Hea;Hea;Ei;Ei tea
25.11.2019 18:51;Tallinna J√§rveotsa G√ºmnaasium;Naine;7.-9.;5-10 km;Pooltel kordadel nÔøΩdalas;Tihti;Mitte kunagi;Mitte kunagi;Mitte kunagi;Mitte kunagi;Kuna mulle meeldib hommikul v√§rske √µhu k√§es olla ja kui ma bussile k√µnnin, siis ma saan v√§rske √µhu k√§es olla;3;1;4;2;1;1;1;;4;;11-20 minutit;Siis kui ise palun, et mind viidaks autoga;3;3;Mitte midagi ;21-30 minutit;Ma ei k√§i p√µhim√µtteliselt kunagi autoga koolis vaid v√§ga harva;4;rohkem kui 60 minutit;4;S√µidukijuhid s√µidavad tihti punase fooritulega ristmikule+mida lapsed peavad √ºletama;;;;;
25.11.2019 19:05;Tallinna J√§rveotsa G√ºmnaasium;Mees;7.-9.;1-5 km;Harva;Tihti;Mitte kunagi;Mitte kunagi;Mitte kunagi;Mitte kunagi;Vanemad k√§sivad;2;1;4;1;1;1;1;;5;Autoavarii;5-10 minutit;Halva ilma korral, Siis kui ise palun, et mind viidaks autoga, Kui olen hiljaks j√§√§mas;2;1;Mitte midagi;11-20 minutit;Ei ole midagi vaja;3;alla 5 minuti;2;Minu arvates ei kooliteel mingeid ohte;;Normaalne;Ei oska vastata;Ei saa;Ei oska vastata
25.11.2019 19:08;Tallinna J√§rveotsa G√ºmnaasium;Naine;10.-12.;√úle 10 km;Tihti;Harva;Mitte kunagi;Mitte kunagi;Mitte kunagi;Mitte kunagi;Sest elan koolist kaugel ja √ºhistrandspordiga kooli minnes j√§√§n kooli hiljaks.;3;1;4;1;1;1;1;Sest j√µuan varem koju kui autoga minnes;5;;31-45 minutit;Sest kool j√§√§b ema / isa t√∂√∂koha tee peale (v√µi enamv√§hem);3;5;Kooli minekuks kuluva aja pikkust;31-45 minutit;Kui mu √ºhistrandspordi ajad oleks sobilikumad v√µi oleks oma auto;4;11-20 minutit;4;Reguleerimata √ºlek√§igurajad+P√∂√∂ret l√µpetavad juhid ei anna lastele teed;;;;;
25.11.2019 19:13;Tallinna J√§rveotsa G√ºmnaasium;Mees;7.-9.;1-5 km;Tihti;Harva;Harva;Mitte kunagi;Mitte kunagi;Mitte kunagi;..sest mind viiakse autoga?;3;1;4;4;1;1;1;mulle meeldib jalgsi jalutada ja bussis istuda;4;eriti ei oska. v√µib olla liigub ringi m√µni kahtlane isik, aga seda pole veel minuga juhtunud;5-10 minutit;Sest kool j√§√§b ema / isa t√∂√∂koha tee peale (v√µi enamv√§hem);3;5;k√§iks n√º√ºd ka kodust kooli jalgsi;21-30 minutit;olen lihtsalt n√µus;4;rohkem kui 60 minutit;4;Reguleerimata √ºlek√§igurajad;eriti polegi;pole j√§lginud;tavaline?;v√µib olla. ma pole eriti ohte n√§inud, aga ma ei vaata ka k√µikjale;
25.11.2019 20:41;Tallinna J√§rveotsa G√ºmnaasium;Naine;7.-9.;√úle 10 km;Mitte kunagi;Tihti;Pooltel kordadel nÔøΩdalas;Mitte kunagi;Mitte kunagi;Mitte kunagi;Ma kasutan selliseid viise kooliminekul kuna mulle on see v√§ga sobilik ja mugav.;1;1;4;2;1;1;1;√úhistranspordiga on v√§ga mugav s√µita.;5;N√§iteks avarii, pahad inimesed hakkavad paluma raha ja √§hvardama bussis.;5-10 minutit;Siis kui ise palun, et mind viidaks autoga;2;1;Ma l√§hengi tavaliselt ise kooli.;31-45 minutit;Ma k√§iks isegi jalgsi kooli siis kui mul oleks s√µpru kellega saaks teel juttu ajada.;5;rohkem kui 60 minutit;5;Paljud t√§iskasvanud n√§itavad oma liiklusk√§itumisega lastele halba eeskuju+Suur liiklus.;Kooli juures on palju autosi. Pimedas kui v√§ike laps jookseb kooli v√µib autojuht seda mitte m√§rgata ja siis on paha lugu.;M√µned s√µidavad liiga kiiresti.;Normaalne;Ma arvan et rohkem valgust ja v√µibolla ohutusm√§rke.;Ma ei oska sellele vastata.
25.11.2019 20:42;Tallinna J√§rveotsa G√ºmnaasium;Mees;7.-9.;5-10 km;Harva;Alati;Mitte kunagi;Harva;Mitte kunagi;Mitte kunagi;K√µige praktilisem ja mugavam;1;1;5;2;2;1;1;Ka sellep√§rast et see on k√µige praktilisem ja mugavam kui arvestada ka mu vanematega;4;Autoavarii;11-20 minutit;Halva ilma korral, Siis kui ise palun, et mind viidaks autoga, Kui olen hiljaks j√§√§mas, Kui olen on hommikul v√§ga v√§sinud;4;5;midagi;21-30 minutit;K√ÑIN JUBA;5;31-45 minutit;3;Lubatud s√µidukiirust √ºletavad juhid;Ulakad bussijuhid;V√§ga hea nii palju kui olen j√§lginud.;V√§ga hea.;Ei tule kohe midagi p√§he.;Ei oska midagi pakkuda
25.11.2019 20:52;Tallinna J√§rveotsa G√ºmnaasium;Naine;1.-3.;1-5 km;Harva;Mitte kunagi;Alati;Tihti;Mitte kunagi;Mitte kunagi;Kiire ja nugav;2;1;1;5;5;1;1;Kiire ja mugav;5;;5-10 minutit;Juba k√§in;4;4;Juba k√§in;5-10 minutit;Juba k√§in ise;5;rohkem kui 60 minutit;4;P√∂√∂ret l√µpetavad juhid ei anna lastele teed;;;;;
25.11.2019 21:15;Tallinna J√§rveotsa G√ºmnaasium;Naine;7.-9.;5-10 km;Pooltel kordadel nÔøΩdalas;Alati;Mitte kunagi;Harva;Mitte kunagi;Mitte kunagi;Pole teisi v√µimalusi ;3;1;5;1;2;1;1;;5;N√§rvilised liiklejad;5-10 minutit;Halva ilma korral, Sest kool j√§√§b ema / isa t√∂√∂koha tee peale (v√µi enamv√§hem), Siis kui ise palun, et mind viidaks autoga, Kui olen hiljaks j√§√§mas, Kui olen on hommikul v√§ga v√§sinud;4;5;K√§ingi iseseisvalt;11-20 minutit;K√§in juba iseseisvalt koolis;5;31-45 minutit;4;P√∂√∂ret l√µpetavad juhid ei anna lastele teed+Paljud t√§iskasvanud n√§itavad oma liiklusk√§itumisega lastele halba eeskuju+Lubatud s√µidukiirust √ºletavad juhid;Paar auto√µnnetust, peaargu oleks mind auto alla aetud, sest nad on vist pimedad;Tundub viisakas;Ettevaatlik;Meil TJGs k√µik suht ohutu, √ºmbrus on h√§sti planeeritud;
25.11.2019 21:38;Tallinna J√§rveotsa G√ºmnaasium;Mees;7.-9.;5-10 km;Tihti;Pooltel kordadel nÔøΩdalas;Mitte kunagi;Mitte kunagi;Mitte kunagi;Mitte kunagi;Sest, et tegu on k√µige lihtsamate viisidega.;1;1;5;1;1;1;1;;5;;11-20 minutit;Halva ilma korral, Sest kool j√§√§b ema / isa t√∂√∂koha tee peale (v√µi enamv√§hem), Kui olen hiljaks j√§√§mas;2;3;V√§ga midagi ei muudaks.;21-30 minutit;Kui bussis tihemini k√§iks.;4;31-45 minutit;4;Halvasti valgustatud t√§navad+Lubatud s√µidukiirust √ºletavad juhid;;;;;
25.11.2019 22:32;Tallinna J√§rveotsa G√ºmnaasium;Naine;7.-9.;Kuni 1 km;Mitte kunagi;Mitte kunagi;Alati;Mitte kunagi;Mitte kunagi;Mitte kunagi;Sest nii on mugav.;1;1;2;4;1;1;1;Sest vahel l√§hen koos s√µpradega bussiga, et saaks veidi juttu ajada.;5;Ei ole;alla 5 minuti;Halva ilma korral, Kui olen hiljaks j√§√§mas, Kui olen on hommikul v√§ga v√§sinud;4;2;Mitte midagi kuna k√§in niigi iseseisvalt koolis.;alla 5 minuti;K√§in juba ja mul pole selle vastu midagi.;5;rohkem kui 60 minutit;5;Minu arvates ei kooliteel mingeid ohte;Lapsed jooksevad √ºle punase tule.;Ettevaatlikud.;Rahulik, ettevaatlik.;Ei;Ei oska √∂elda.
26.11.2019 11:36;Tallinna J√§rveotsa G√ºmnaasium;Mees;4.-6.;1-5 km;Tihti;Harva;Mitte kunagi;Mitte kunagi;Mitte kunagi;Mitte kunagi;Kuna muidu ma pean varem √§rkama;1;1;5;1;1;1;1;Mu isal on t√∂√∂;5;;5-10 minutit;Siis kui ise palun, et mind viidaks autoga, Kui olen on hommikul v√§ga v√§sinud, Sest nii on ohutum;4;4;√ïpiksin rohkem linna;11-20 minutit;Kui ma tunneksin rohkem linna rohkem ja oleks ohutum liikuda;5;rohkem kui 60 minutit;4;Halvasti valgustatud t√§navad+Suurem oht langeda kuriteo ohvriks+S√µidukijuhid s√µidavad tihti punase fooritulega ristmikule+mida lapsed peavad √ºletama+Paljud t√§iskasvanud n√§itavad oma liiklusk√§itumisega lastele halba eeskuju;Palju pr√ºgi ja kodutuid;Ohutu;Hea;Ei tea;Ei tea
26.11.2019 11:39;Tallinna J√§rveotsa G√ºmnaasium;Mees;4.-6.;5-10 km;Alati;Mitte kunagi;Mitte kunagi;Mitte kunagi;Mitte kunagi;Tihti;Sest mul ei ole v√µimalik teiste abi vahenditega;5;3;3;1;1;1;3;Ei ole teist v√µimalust;4;Avari;11-20 minutit;Ma elan kaugel;5;5;See oleks lahe;46-60 minutit;Et mul v√µetakse ps4 √§ra;4;rohkem kui 60 minutit;4;Reguleerimata √ºlek√§igurajad;Lahe ;Normalne;Hea;Ok;Et oleks rohkem ohutu
26.11.2019 11:39;Tallinna J√§rveotsa G√ºmnaasium;Mees;4.-6.;5-10 km;Tihti;Pooltel kordadel nÔøΩdalas;Mitte kunagi;Mitte kunagi;Mitte kunagi;Mitte kunagi;sest kui ma hommikul t√µusen ma olen v√§ga v√§sind ja kell on juba 7.20 ma lihtsalt istun autosse ja s√∂√∂n seal;4;1;3;1;1;1;1;;5;;5-10 minutit;Siis kui ise palun, et mind viidaks autoga, Kui olen on hommikul v√§ga v√§sinud, Sest nii on ohutum;5;3;ma oleks v√§ga v√§sind ;11-20 minutit;ei ma ei hakkas kaima ;5;rohkem kui 60 minutit;5;Halvasti valgustatud t√§navad+P√∂√∂ret l√µpetavad juhid ei anna lastele teed+V√§ikesed ohutussaared suure liiklusega teel;;;;;
26.11.2019 11:40;Tallinna J√§rveotsa G√ºmnaasium;Naine;4.-6.;1-5 km;Mitte kunagi;Alati;Mitte kunagi;Mitte kunagi;Mitte kunagi;Mitte kunagi;Sest see on kiire ja mugav;1;1;5;2;1;1;1;Ma s√µidan √ºhistransportiga, sest see on ainus viis mulle saada koju kiiresti (peale jalgsi);4;Keegi s√µidab su autole pihta;11-20 minutit;Ma ei s√µida autoga;4;3;Ma k√§in koolis iseseisvalt;11-20 minutit;Sest liikumine on tervisele parem, kui lihtsalt autos istumine ja ootamine, kui kohal oled;4;46-60 minutit;4;Reguleerimata √ºlek√§igurajad+Halvasti valgustatud t√§navad+P√∂√∂ret l√µpetavad juhid ei anna lastele teed+V√§ikesed ohutussaared suure liiklusega teel+√úlek√§igurajal on parkivate s√µidukite t√µttu n√§htavus piiratud+Paljud t√§iskasvanud n√§itavad oma liiklusk√§itumisega lastele halba eeskuju+Lubatud s√µidukiirust √ºletavad juhid;Praegu ma pole midagi m√§rganud;S√µidavad sinna, kuhu pole lubatud;Ettevaatlik;Jah, saaks;ma ei tea...
26.11.2019 11:40;Tallinna J√§rveotsa G√ºmnaasium;Naine;4.-6.;Kuni 1 km;Mitte kunagi;Alati;Mitte kunagi;Mitte kunagi;Mitte kunagi;Mitte kunagi;Sest minu vanemad ei jaksa mind autoga viia ja ma elan kooli juures;2;1;5;1;1;1;1;Sest ma elan l√§hedal ja ma saan bussiga minna v√§ga kiiresti;5;ma ei tea;5-10 minutit;Siis kui ise palun, et mind viidaks autoga;1;1;mitte midagi v√§ga;11-20 minutit;Kui saan s√º√ºa peale seda;4;rohkem kui 60 minutit;4;Minu arvates ei kooliteel mingeid ohte;Ma ei tea;Ma ei tea;Ma ei tea;Vaata kaameraid, sest √ºks kord meie koolist varastati arvuti;VAATA KAAMERIAD!
26.11.2019 11:40;Tallinna J√§rveotsa G√ºmnaasium;Mees;10.-12.;Kuni 1 km;Mitte kunagi;Mitte kunagi;Alati;Mitte kunagi;Mitte kunagi;Mitte kunagi;Sest teisi ei taha;5;5;5;5;5;5;5;Jah see on hea;3;Klaasi saab l√µhkuda;alla 5 minuti;Halva ilma korral, Kui olen hiljaks j√§√§mas;3;3;Ma ei tea;alla 5 minuti;Ma ei tea;5;rohkem kui 60 minutit;5;Minu arvates ei kooliteel mingeid ohte;Ei tea;Ei tea;Ei tea;Ei tea;Ei tea
26.11.2019 11:41;Tallinna J√§rveotsa G√ºmnaasium;Mees;4.-6.;Kuni 1 km;Harva;Mitte kunagi;Tihti;Mitte kunagi;Mitte kunagi;Mitte kunagi;Ma ei tea;1;1;1;5;1;1;1;;5;;alla 5 minuti;Halva ilma korral, Siis kui ise palun, et mind viidaks autoga, Kui olen on hommikul v√§ga v√§sinud;3;4;Mitte midagi;5-10 minutit;ü§∑‚Äç‚ôÇÔ∏è ma ei tea;4;rohkem kui 60 minutit;5;Minu arvates ei kooliteel mingeid ohte;;Hea;;V√µiksid √ºlekaiguraja kuhugi l√§hedale ehitad kuna vahepeal on suht piin √ºle tee minna nii et sind peaaegu alla ajatakse.;
26.11.2019 11:41;Tallinna J√§rveotsa G√ºmnaasium;Naine;4.-6.;ei oska vastata;Tihti;Harva;Mitte kunagi;Mitte kunagi;Mitte kunagi;Mitte kunagi;Sest mul ei ole v√µimalik muud moodi.;2;1;5;1;1;1;1;;5;;11-20 minutit;Sest kool j√§√§b ema / isa t√∂√∂koha tee peale (v√µi enamv√§hem);5;3;Ma oleks rohkem v√§sinud;21-30 minutit;Kui ilm oleks ilus ja homikud oleksid valged;5;31-45 minutit;3;Reguleerimata √ºlek√§igurajad+Halvasti valgustatud t√§navad+V√§ikesed ohutussaared suure liiklusega teel;;;Hea;;Valvur v√µiks kaameraid vaadata!
26.11.2019 11:42;Tallinna J√§rveotsa G√ºmnaasium;Naine;4.-6.;5-10 km;Tihti;Harva;Mitte kunagi;Mitte kunagi;Mitte kunagi;Mitte kunagi;Kuna mu isa saab mind kooli viia ja bussid haisevad.;4;2;2;1;1;1;1;Kuna mu isa saab mind √§ra viia;4;auto avarii, s√µidad tiiki.;5-10 minutit;Sest kool j√§√§b ema / isa t√∂√∂koha tee peale (v√µi enamv√§hem), Kui olen hiljaks j√§√§mas;1;1;hiljem kooli,trenni;11-20 minutit;kui mu arvuti j√§√§b mulle ja swda ei v√µeta √§ra.;4;46-60 minutit;4;Minu arvates ei kooliteel mingeid ohte;pole n√§inud.;m√µned s√µidavad sinna kuhu ei tohi aga kuidu hea.;P√§ris hea.;Vaatata kaameraid;vaata kaameraid
26.11.2019 11:42;Tallinna J√§rveotsa G√ºmnaasium;Naine;4.-6.;5-10 km;Tihti;Harva;Mitte kunagi;Mitte kunagi;Mitte kunagi;Mitte kunagi;Sest muidu j√µuan liiga vara kooli;2;1;5;1;1;1;1;Sest mu vanemad t√∂√∂tavad v√§ga kaugel ja nende t√∂√∂ l√µppeb √∂htul;4;Loomad teel ;11-20 minutit;Sest kool j√§√§b ema / isa t√∂√∂koha tee peale (v√µi enamv√§hem), Siis kui ise palun, et mind viidaks autoga, Kui olen hiljaks j√§√§mas;1;1;Oleks rohkem v√§sinud ja v√§ga k√ºlm;31-45 minutit;Ma ei ole n√µus;5;rohkem kui 60 minutit;3;Halvasti valgustatud t√§navad;Joodikuid olen n√§inud;Normaalne;Olen korralik;√ñ√∂sel aknad ja uksed lukku, vaatata kaameraid ja v√§ravad lukus et v√µ√µrad sisse ei saaks;Samad Mis enne
26.11.2019 12:08;Tallinna J√§rveotsa G√ºmnaasium;Naine;4.-6.;5-10 km;Tihti;Harva;Mitte kunagi;Mitte kunagi;Mitte kunagi;Mitte kunagi;Sest kodu on kaugel ja nii on mugavam;3;1;4;1;1;1;1;;4;Kitsed ja p√µdrad jooksevad teele;11-20 minutit;Halva ilma korral, Sest kool j√§√§b ema / isa t√∂√∂koha tee peale (v√µi enamv√§hem);1;1;Pean varem √ºlesse √§rkama ;46-60 minutit;Siis kui ma rohkem taskuraha saan;4;rohkem kui 60 minutit;3;Reguleerimata √ºlek√§igurajad+Halvasti valgustatud t√§navad+P√∂√∂ret l√µpetavad juhid ei anna lastele teed+S√µidukijuhid s√µidavad tihti punase fooritulega ristmikule+mida lapsed peavad √ºletama+Paljud t√§iskasvanud n√§itavad oma liiklusk√§itumisega lastele halba eeskuju;Autod s√µidavad kiiresti;Pargivad kohta kuhu ei tohi;Hea;T√µkkepuid panna;
26.11.2019 12:12;Tallinna J√§rveotsa G√ºmnaasium;Naine;4.-6.;ei oska vastata;Harva;Harva;Mitte kunagi;Mitte kunagi;Mitte kunagi;Mitte kunagi;Kuna see on mugavam.;2;1;4;1;1;1;1;;5;Et keegi v√µib meile otsa s√µita .;5-10 minutit;Halva ilma korral, Kui olen on hommikul v√§ga v√§sinud, Kui ei viitsi k√µndida .;5;3;Et ma ei oleks nii laisk .;5-10 minutit;Kui mulle raha antakse .;5;31-45 minutit;3;Halvasti valgustatud t√§navad+P√∂√∂ret l√µpetavad juhid ei anna lastele teed+Suurem oht langeda kuriteo ohvriks+Paljud t√§iskasvanud n√§itavad oma liiklusk√§itumisega lastele halba eeskuju+Lubatud s√µidukiirust √ºletavad juhid;Ma ei ole midagi ohtliku pannid t√§hele .;Eeskujulik;Eeskujulik;Ma arvan, et ei .;Ma ei tea
26.11.2019 12:23;Tallinna J√§rveotsa G√ºmnaasium;Naine;4.-6.;ei oska vastata;Tihti;Harva;Mitte kunagi;Mitte kunagi;Mitte kunagi;Mitte kunagi;Sest mu vanemad arvavad, et autoga viies saab kiiremini kooli.;1;1;5;1;1;1;1;Sest bussiga saab kiiremini koju.;5;Keegi v√µib sulle otsa s√µita.;11-20 minutit;Sest kool j√§√§b ema / isa t√∂√∂koha tee peale (v√µi enamv√§hem), Sest mu vanemad arvavad, et autoga saab kiiremini kooli.;4;5;Ma ei oleks nii laisk.;11-20 minutit;Kui rohkem s√µpru tuleks hommikul bussiga kooli.;5;21-30 minutit;3;Reguleerimata √ºlek√§igurajad+Halvasti valgustatud t√§navad;;;;;
26.11.2019 12:23;Tallinna J√§rveotsa G√ºmnaasium;Naine;4.-6.;5-10 km;Mitte kunagi;Alati;Mitte kunagi;Mitte kunagi;Mitte kunagi;Mitte kunagi;nii on mugavam. ei taha vanemaid √§ratada.;1;1;5;1;1;1;1;Sest vanemaid ei taha √§ratada.;4;V√µib-olla, mingid avariid. ;5-10 minutit;Halva ilma korral, Siis kui ise palun, et mind viidaks autoga, Kui olen hiljaks j√§√§mas;1;1;Ma k√§ingi t√§esti iseseisvalt kooli.;21-30 minutit;Ma alati k√§in iseseisvalt kooli. Kuhu veel rohkem?;4;5-10 minutit;4;Suurem oht langeda kuriteo ohvriks+Lubatud s√µidukiirust √ºletavad juhid;;;;;
26.11.2019 12:28;Tallinna J√§rveotsa G√ºmnaasium;Mees;7.-9.;1-5 km;Mitte kunagi;Alati;Pooltel kordadel nÔøΩdalas;Alati;Mitte kunagi;Mitte kunagi;Sest ma pean;3;3;4;3;3;2;5;Ei tea;5;Ei oska;21-30 minutit;Halva ilma korral, Kui olen on hommikul v√§ga v√§sinud;5;1;K√µike;21-30 minutit;.;5;21-30 minutit;4;Reguleerimata √ºlek√§igurajad+P√∂√∂ret l√µpetavad juhid ei anna lastele teed;.;.;.;.;.
26.11.2019 12:44;Tallinna J√§rveotsa G√ºmnaasium;Naine;4.-6.;5-10 km;Mitte kunagi;Alati;Mitte kunagi;Mitte kunagi;Mitte kunagi;Mitte kunagi;nii on mugavam. ei taha vanemaid √§ratada.;1;1;5;1;1;1;1;Sest vanemaid ei taha √§ratada.;4;V√µib-olla, mingid avariid. ;5-10 minutit;Halva ilma korral, Siis kui ise palun, et mind viidaks autoga, Kui olen hiljaks j√§√§mas;1;1;Ma k√§ingi t√§esti iseseisvalt kooli.;21-30 minutit;Ma alati k√§in iseseisvalt kooli. Kuhu veel rohkem?;4;5-10 minutit;4;Suurem oht langeda kuriteo ohvriks+Lubatud s√µidukiirust √ºletavad juhid;;;;;
26.11.2019 13:03;Tallinna J√§rveotsa G√ºmnaasium;Mees;10.-12.;Kuni 1 km;Mitte kunagi;Mitte kunagi;Alati;Mitte kunagi;Alati;Mitte kunagi;Elan ligidal;1;1;1;5;1;4;1;;5;;alla 5 minuti;Ei tule autoga;1;1;Midagi ;alla 5 minuti;Midagi;5;rohkem kui 60 minutit;5;;;;;;
26.11.2019 16:00;Tallinna J√§rveotsa G√ºmnaasium;Naine;10.-12.;√úle 10 km;Alati;Alati;Mitte kunagi;Mitte kunagi;Mitte kunagi;Mitte kunagi;Sest ma elan kaugel;2;2;4;1;1;1;1;;5;;46-60 minutit;Mind viiakse autoga √ºhistranspordi peatuseni, sest sinna on pikk maa;3;3;K√µike;rohkem kui 60 minutit;Ma ei tea;4;46-60 minutit;4;Reguleerimata √ºlek√§igurajad;;;;;
26.11.2019 16:55;Tallinna J√§rveotsa G√ºmnaasium;Naine;4.-6.;ei oska vastata;Mitte kunagi;Tihti;Harva;Mitte kunagi;Mitte kunagi;Mitte kunagi;Kuna see on kiireim viis;1;1;4;2;1;1;1;;4;Auto avarii;alla 5 minuti;Siis kui ise palun, et mind viidaks autoga, Kui olen hiljaks j√§√§mas;2;3;Mul l√§heks kauem aega ;5-10 minutit;Kui bussiga l√§heks kauem;4;rohkem kui 60 minutit;4;Reguleerimata √ºlek√§igurajad+Paljud t√§iskasvanud n√§itavad oma liiklusk√§itumisega lastele halba eeskuju;Et inimesed l√§hevad √ºletee ilma vaatamata kas autosid tuleb;Ei vaata √ºlek√§igurajal kas autosid tuleb;Olen ettevaatlik ja vaatan √ºlek√§igurajal kas autosid tuleb;√úlek√§igu rajadele v√µiks panna valgusfoor;
26.11.2019 19:38;Tallinna J√§rveotsa G√ºmnaasium;Mees;4.-6.;1-5 km;Harva;Alati;Mitte kunagi;Mitte kunagi;Mitte kunagi;Mitte kunagi;kuna muud varianti ei ole;1;1;5;1;1;1;1;;4;;5-10 minutit;Kui olen hiljaks j√§√§mas;4;4;oleks √ºkildasem;21-30 minutit;olengi n√µus;5;rohkem kui 60 minutit;4;Reguleerimata √ºlek√§igurajad+P√∂√∂ret l√µpetavad juhid ei anna lastele teed+S√µidukijuhid s√µidavad tihti punase fooritulega ristmikule+mida lapsed peavad √ºletama+Lubatud s√µidukiirust √ºletavad juhid;autod s√µidavad liiga kiiresti;;viisakas;ei;aed tugevamaks ja, etkooli ajal oleks v√§rav lukus
26.11.2019 21:27;Tallinna J√§rveotsa G√ºmnaasium;Mees;1.-3.;1-5 km;Alati;Mitte kunagi;Mitte kunagi;Mitte kunagi;Mitte kunagi;Mitte kunagi;Mugav ja turvaline;1;1;4;2;1;1;1;Muud v√µimalust pole ;5;;5-10 minutit;Sest nii on ohutum;4;3;M√µjub tervisele paremini;21-30 minutit;Ei tea;5;rohkem kui 60 minutit;4;Reguleerimata √ºlek√§igurajad+P√∂√∂ret l√µpetavad juhid ei anna lastele teed+V√§ikesed ohutussaared suure liiklusega teel+√úlek√§igurajal on parkivate s√µidukite t√µttu n√§htavus piiratud+Paljud t√§iskasvanud n√§itavad oma liiklusk√§itumisega lastele halba eeskuju;Ei anna lastele teed;Korralik;Olen t√§helepanelik;Ei;
26.11.2019 21:29;Tallinna J√§rveotsa G√ºmnaasium;Mees;1.-3.;Kuni 1 km;Pooltel kordadel nÔøΩdalas;Tihti;Pooltel kordadel nÔøΩdalas;Mitte kunagi;Mitte kunagi;Mitte kunagi;Meeldib autoga minna, saab k√µige kiiremini. Bussiga l√§heb kaua aega. Jalgsi kardan, et hilinen.;1;1;1;5;1;1;1;Nii on k√µige m√µnusam.;4;Autod.;alla 5 minuti;Sest kool j√§√§b ema / isa t√∂√∂koha tee peale (v√µi enamv√§hem);5;3;Kardaksin rohkem.;11-20 minutit;K√§in piisavalt ise.;5;21-30 minutit;5;Reguleerimata √ºlek√§igurajad;;;;;
26.11.2019 22:18;Tallinna J√§rveotsa G√ºmnaasium;Mees;4.-6.;5-10 km;Alati;Mitte kunagi;Mitte kunagi;Mitte kunagi;Mitte kunagi;Mitte kunagi;Sest see on ohutum. ;3;1;4;1;1;1;1;Kui vanemad on l√§heduses siis tulevad j√§rgi aga kui mitte siis l√§hen bussiga. ;5;Auto avarii. ;5-10 minutit;Sest nii on ohutum;4;5;Oleks natukene ohtlikum. ;31-45 minutit;V√µiksin praegu ka k√§ia. ;4;rohkem kui 60 minutit;4;;;;;;
26.11.2019 23:00;Tallinna J√§rveotsa G√ºmnaasium;Mees;4.-6.;√úle 10 km;Alati;Mitte kunagi;Mitte kunagi;Mitte kunagi;Mitte kunagi;Mitte kunagi;vanemad l√§hevad linna t√∂√∂le ja viivad minu kooli;3;1;3;1;1;1;1;;4;;46-60 minutit;Sest kool j√§√§b ema / isa t√∂√∂koha tee peale (v√µi enamv√§hem);3;3;saaksin iseseisvamaks;46-60 minutit;kui linnas elaksime;4;46-60 minutit;4;Halvasti valgustatud t√§navad+Minu arvates ei kooliteel mingeid ohte;pole n√§inud;normaalne;normaalne;ei tea;tuleb olla t√§helepanelik ja mitte tormata
27.11.2019 19:32;Tallinna J√§rveotsa G√ºmnaasium;Naine;4.-6.;1-5 km;Pooltel kordadel nÔøΩdalas;Pooltel kordadel nÔøΩdalas;Mitte kunagi;Mitte kunagi;Mitte kunagi;Mitte kunagi;sest teistmoodi ei saa v√µi ei ole sobiv ilm;3;1;3;1;1;1;1;;4;v√µib juhtuda atoavarii;5-10 minutit;Halva ilma korral, Siis kui ise palun, et mind viidaks autoga, Kui olen hiljaks j√§√§mas;3;3;ma oleks rohkem iseseisev;21-30 minutit;mitte mingil tingimusel sest ma olen juba k√§inud ise;5;46-60 minutit;4;Halvasti valgustatud t√§navad+S√µidukijuhid s√µidavad tihti punase fooritulega ristmikule+mida lapsed peavad √ºletama+Paljud t√§iskasvanud n√§itavad oma liiklusk√§itumisega lastele halba eeskuju;minu arust ei ole;nad s√µidavad kiiresti ja on kurjad;t√§helepanelik;ma arvan et saaks aga mulle meeldib v√§ga oma kool ja selle √ºmbruses on v√§ga v√§he miinuseid ;
27.11.2019 21:12;Tallinna J√§rveotsa G√ºmnaasium;Mees;7.-9.;Kuni 1 km;Mitte kunagi;Mitte kunagi;Alati;Mitte kunagi;Mitte kunagi;Mitte kunagi;Sest koolini on 100-200 meetrit.;1;1;1;5;1;1;1;Sest koolini on 100-200 meetrit.;5;;alla 5 minuti;mind ei viida autoga kooli sest kool on paari meetri kaugusel koolist;3;3;K√§in niigi iseseisvalt koolis;alla 5 minuti;Ma k√§in niigi iseseisvalt koolis;4;rohkem kui 60 minutit;4;Lubatud s√µidukiirust √ºletavad juhid;√úhel pool aeda ei ole √ºlek√§igu rada.;;;Teha rohkem √ºlek√§igu radu.;
28.11.2019 16:19;Tallinna J√§rveotsa G√ºmnaasium;Mees;4.-6.;Kuni 1 km;Tihti;Mitte kunagi;Harva;Mitte kunagi;Mitte kunagi;Mitte kunagi;Vanemad siis s√µidavad t√∂√∂le;2;1;1;4;1;1;1;Sest kodu on l√§hedal ja vanemad on t√∂√∂l;4;Lollid inimesed;5-10 minutit;Sest kool j√§√§b ema / isa t√∂√∂koha tee peale (v√µi enamv√§hem);4;4;Midagi;11-20 minutit;Minule k√µik sobib;4;21-30 minutit;4;Reguleerimata √ºlek√§igurajad+P√∂√∂ret l√µpetavad juhid ei anna lastele teed+√úlek√§igurajal on parkivate s√µidukite t√µttu n√§htavus piiratud+Paljud t√§iskasvanud n√§itavad oma liiklusk√§itumisega lastele halba eeskuju+Lubatud s√µidukiirust √ºletavad juhid;Midagi;Midagi erilist;Normaalne;Midagi;Et politsei j√§lgiks auto kiirust
28.11.2019 20:04;Tallinna J√§rveotsa G√ºmnaasium;Naine;4.-6.;1-5 km;Pooltel kordadel nÔøΩdalas;Harva;Tihti;Tihti;Mitte kunagi;Mitte kunagi;Tavaliselt s√µidan kooli ainult t√µukerattaga kuna kool v√§ga l√§hedal. Talviti v√µi k√ºlmadel ilmadel tuuakse mind koolile l√§hemale.;2;1;3;4;4;1;1;Autoga ei l√§he tavaliselt kunagi koolist koju. Ainult p√§rast trenni kui on juba pime v√µi kui mul on halb olla.;4;lapsed;alla 5 minuti;Halva ilma korral, Sest kool j√§√§b ema / isa t√∂√∂koha tee peale (v√µi enamv√§hem);5;5;K√§in enda arust piisavalt palju iseseisvalt.;5-10 minutit;Kui mul on t√µukerattas meeldib mulle rohkem ise kooli/koolist koju minna;5;rohkem kui 60 minutit;4;Reguleerimata √ºlek√§igurajad+P√∂√∂ret l√µpetavad juhid ei anna lastele teed+√úlek√§igurajal on parkivate s√µidukite t√µttu n√§htavus piiratud+Paljud t√§iskasvanud n√§itavad oma liiklusk√§itumisega lastele halba eeskuju;Kooli juures on alati nii palju autosi et raske on √ºle tee minna. Vahest ei lase autod mind √ºle tee.;Liiga paljud lapsevanemad viivad oma lapsi kooli ette/ v√§ga l√§hedale.;;;√úlek√§igurada. 
28.11.2019 23:46;Tallinna J√§rveotsa G√ºmnaasium;Mees;7.-9.;1-5 km;Mitte kunagi;Tihti;Harva;Mitte kunagi;Mitte kunagi;Mitte kunagi;Sest nad k√µige lihtsamad ja ei vaja kellegi teise abi. N√§iteks nagu keegi viib sind kooli autoga.;1;1;4;2;1;1;1;K√µige lihtsam v√µimalus.;3;Avarii (autode p√µrge, teelt v√§lja lendamine);alla 5 minuti;Kui on plaanid kuskile kaugele minna ja keegi on ka teel sinna.;3;4;Ma juba k√§i p√§ris iseseisvalt, et siis ei tea mida vastata.;11-20 minutit;Ma juba k√§in ise koolis ja v√µin √∂elda, et sa ei raiska teiste aega.;4;46-60 minutit;4;Reguleerimata √ºlek√§igurajad+Lubatud s√µidukiirust √ºletavad juhid;;;Tavaline ja rahulik.;Minu meelest on k√µik p√§ris korras.;
29.11.2019 17:16;Tallinna J√§rveotsa G√ºmnaasium;Mees;7.-9.;√úle 10 km;Tihti;Harva;Mitte kunagi;Mitte kunagi;Mitte kunagi;Mitte kunagi;k√µige kiirem/turavlisem/mugavam minu jaoks;1;1;5;1;1;1;1;Sest minu ja mu vanemate graafikud on erinevad;3;m√∂√∂das√µit, Teised juhid.;31-45 minutit;Halva ilma korral, Sest kool j√§√§b ema / isa t√∂√∂koha tee peale (v√µi enamv√§hem), Siis kui ise palun, et mind viidaks autoga, Kui olen hiljaks j√§√§mas, Sest nii on ohutum;1;1;Varem √§rkamine.;46-60 minutit;Kui mul vanemaid poleks, Endal lubasid ei oleks ja kui mul on aega/und piisavalt;2;rohkem kui 60 minutit;4;Halvasti valgustatud t√§navad+Suurem oht langeda kuriteo ohvriks+Lubatud s√µidukiirust √ºletavad juhid;Autodega s√µidetakse kooliterritooriumile kus k√µnnivad v√§iksed lapsed.;Viisakalt peetakse liiklusn√µuetest kinni, Lastakse kooli aia taga auotst v√§lja. autoga kooli territooriumile ei tr√ºgi;k√µnnin v√µimalikult v√§he teel kus s√µidavad autod;kooliala teha ligip√§√§setavaks ainult √µpetajatel(kiibistiku/numbrim√§rgiga ligip√§√§s ainult).;
29.11.2019 22:35;Tallinna J√§rveotsa G√ºmnaasium;Naine;4.-6.;ei oska vastata;Harva;Mitte kunagi;Alati;Pooltel kordadel nÔøΩdalas;Mitte kunagi;Mitte kunagi;Sest mul on l√ºhike maa koolini;1;1;1;5;3;1;1;;5;Ei oska;5-10 minutit;Halva ilma korral, Siis kui ise palun, et mind viidaks autoga;3;3;Ma k√§ingi ise;5-10 minutit;Ma nagunii k√§in ise;4;rohkem kui 60 minutit;4;Halvasti valgustatud t√§navad+Suurem oht langeda kuriteo ohvriks+S√µidukijuhid s√µidavad tihti punase fooritulega ristmikule+mida lapsed peavad √ºletama+√úlek√§igurajal on parkivate s√µidukite t√µttu n√§htavus piiratud+Paljud t√§iskasvanud n√§itavad oma liiklusk√§itumisega lastele halba eeskuju+Lubatud s√µidukiirust √ºletavad juhid;;;Hea;;
